{
    "actions": [],
    "allow_rename": 1,
    "creation": "2025-03-31 02:41:07.532193",
    "doctype": "DocType",
    "editable_grid": 1,
    "engine": "InnoDB",
    "field_order": [
     "marketplace",
     "active"
    ],
    "fields": [
     {
      "fieldname": "marketplace",
      "fieldtype": "Select",
      "in_list_view": 1,
      "label": "Marketplace",
      "options": "Tiktok Shop\nLazada"
     },
     {
      "default": "0",
      "fieldname": "active",
      "fieldtype": "Check",
      "in_list_view": 1,
      "label": "Active"
     }
    ],
    "grid_page_length": 50,
    "index_web_pages_for_search": 1,
    "istable": 1,
    "links": [],
    "modified": "2025-03-31 09:18:18.527619",
    "modified_by": "Administrator",
    "module": "spec",
    "name": "Item Category Variant",
    "owner": "Administrator",
    "permissions": [],
    "sort_field": "modified",
    "sort_order": "DESC",
    "states": []
   }