{
 "actions": [],
 "allow_rename": 1,
 "creation": "2025-04-14 15:35:11.458547",
 "doctype": "DocType",
 "editable_grid": 1,
 "engine": "InnoDB",
 "field_order": [
  "api_key"
 ],
 "fields": [
  {
   "fieldname": "api_key",
   "fieldtype": "Link",
   "label": "API Key",
   "options": "Lazada Setting"
  }
 ],
 "grid_page_length": 50,
 "index_web_pages_for_search": 1,
 "istable": 1,
 "links": [],
 "modified": "2025-04-22 10:21:23.488488",
 "modified_by": "Administrator",
 "module": "spec",
 "name": "Marketplatform",
 "owner": "Administrator",
 "permissions": [],
 "sort_field": "modified",
 "sort_order": "DESC",
 "states": []
}