{
    "actions": [],
    "allow_rename": 1,
    "creation": "2025-04-03 08:00:00",
    "doctype": "DocType",
    "editable_grid": 1,
    "engine": "InnoDB",
    "field_order": [
     "marketplace",
     "marketplace_attribute",
     "attribute_name"
    ],
    "fields": [
     {
      "default": "TikTok Shop",
      "fieldname": "marketplace",
      "fieldtype": "Select",
      "in_list_view": 1,
      "label": "Marketplace",
      "options": "TikTok Shop\nLazada\nShopee",
      "reqd": 1
     },
     {
      "fieldname": "marketplace_attribute",
      "fieldtype": "Link",
      "in_list_view": 1,
      "label": "Marketplace Attribute",
      "options": "Marketplace Attribute",
      "reqd": 1
     },
     {
      "fetch_from": "marketplace_attribute.attribute_name",
      "fieldname": "attribute_name",
      "fieldtype": "Data",
      "in_list_view": 1,
      "label": "Attribute Name",
      "read_only": 1
     }
    ],
    "grid_page_length": 50,
    "index_web_pages_for_search": 1,
    "istable": 1,
    "links": [],
    "modified": "2025-04-03 08:00:00",
    "modified_by": "Administrator",
    "module": "Sync product data",
    "name": "Item Attribute Marketplace Mapping",
    "owner": "Administrator",
    "permissions": [],
    "sort_field": "modified",
    "sort_order": "DESC",
    "states": []
   }