{
 "actions": [],
 "allow_rename": 1,
 "creation": "2025-03-31 02:41:07.532193",
 "doctype": "DocType",
 "editable_grid": 1,
 "engine": "InnoDB",
 "field_order": [
  "shop",
  "platform",
  "active"
 ],
 "fields": [
  {
   "default": "0",
   "fieldname": "active",
   "fieldtype": "Check",
   "in_list_view": 1,
   "label": "Active"
  },
  {
   "fieldname": "shop",
   "fieldtype": "Link",
   "in_list_view": 1,
   "label": "Shop",
   "options": "Platform Account"
  },
  {
   "fieldname": "platform",
   "fieldtype": "Data",
   "in_list_view": 1,
   "label": "Platform",
   "read_only": 1
  }
 ],
 "grid_page_length": 50,
 "index_web_pages_for_search": 1,
 "istable": 1,
 "links": [],
 "modified": "2025-04-24 10:33:54.209647",
 "modified_by": "Administrator",
 "module": "Sync product data",
 "name": "Item Category Variant",
 "owner": "Administrator",
 "permissions": [],
 "sort_field": "modified",
 "sort_order": "DESC",
 "states": []
}