{
    "actions": [],
    "allow_rename": 1,
    "creation": "2025-03-05 18:18:12.565703",
    "doctype": "DocType",
    "editable_grid": 1,
    "engine": "InnoDB",
    "field_order": [
        "spec_name",
        "column_break_ohbw",
        "value"
    ],
    "fields": [
        {
            "fieldname": "column_break_ohbw",
            "fieldtype": "Column Break"
        },
        {
            "fieldname": "value",
            "fieldtype": "Data",
            "in_list_view": 1,
            "label": "Value"
        },
        {
            "fieldname": "spec_name",
            "fieldtype": "Data",
            "in_global_search": 1,
            "in_list_view": 1,
            "label": "Spec Name",
            "reqd": 1
        }
    ],
    "index_web_pages_for_search": 1,
    "istable": 1,
    "links": [],
    "modified": "2025-03-14 10:28:45.639920",
    "modified_by": "Administrator",
    "module": "Sync product data",
    "name": "Specifications",
    "naming_rule": "Autoincrement",
    "owner": "Administrator",
    "permissions": [],
    "sort_field": "creation",
    "sort_order": "DESC",
    "states": []
}