{
    "custom_fields": [
     {
      "_assign": null,
      "_comments": null,
      "_liked_by": null,
      "_user_tags": null,
      "allow_in_quick_entry": 0,
      "allow_on_submit": 0,
      "bold": 0,
      "collapsible": 0,
      "collapsible_depends_on": null,
      "columns": 0,
      "creation": "2025-03-29 04:30:44.652137",
      "default": null,
      "depends_on": null,
      "description": null,
      "docstatus": 0,
      "dt": "Item Group",
      "fetch_from": null,
      "fetch_if_empty": 0,
      "fieldname": "custom_ecommerce_platform",
      "fieldtype": "Table",
      "hidden": 0,
      "hide_border": 0,
      "hide_days": 0,
      "hide_seconds": 0,
      "idx": 13,
      "ignore_user_permissions": 0,
      "ignore_xss_filter": 0,
      "in_global_search": 0,
      "in_list_view": 0,
      "in_preview": 0,
      "in_standard_filter": 0,
      "insert_after": "rgt",
      "is_system_generated": 0,
      "is_virtual": 0,
      "label": "Ecommerce Platform",
      "length": 0,
      "link_filters": null,
      "mandatory_depends_on": null,
      "modified": "2025-03-29 04:30:44.652137",
      "modified_by": "Administrator",
      "module": null,
      "name": "Item Group-custom_ecommerce_platform",
      "no_copy": 0,
      "non_negative": 0,
      "options": "Item Group Category",
      "owner": "Administrator",
      "permlevel": 0,
      "placeholder": null,
      "precision": "",
      "print_hide": 0,
      "print_hide_if_no_value": 0,
      "print_width": null,
      "read_only": 0,
      "read_only_depends_on": null,
      "report_hide": 0,
      "reqd": 0,
      "search_index": 0,
      "show_dashboard": 0,
      "sort_options": 0,
      "translatable": 0,
      "unique": 0,
      "width": null
     }
    ],
    "custom_perms": [],
    "doctype": "Item Group",
    "links": [],
    "property_setters": [
     {
      "_assign": null,
      "_comments": null,
      "_liked_by": null,
      "_user_tags": null,
      "creation": "2025-03-29 04:30:44.561985",
      "default_value": null,
      "doc_type": "Item Group",
      "docstatus": 0,
      "doctype_or_field": "DocType",
      "field_name": null,
      "idx": 0,
      "is_system_generated": 0,
      "modified": "2025-03-29 04:30:44.561985",
      "modified_by": "Administrator",
      "module": null,
      "name": "Item Group-main-field_order",
      "owner": "Administrator",
      "property": "field_order",
      "property_type": "Data",
      "row_name": null,
      "value": "[\"gs\", \"item_group_name\", \"parent_item_group\", \"is_group\", \"image\", \"column_break_5\", \"defaults\", \"item_group_defaults\", \"sec_break_taxes\", \"taxes\", \"lft\", \"old_parent\", \"rgt\", \"ecommerce_platform\"]"
     }
    ],
    "sync_on_migrate": 1
   }