{
 "custom_fields": [],
 "custom_perms": [],
 "doctype": "Item Barcode",
 "links": [],
 "property_setters": [
  {
   "_assign": null,
   "_comments": null,
   "_liked_by": null,
   "_user_tags": null,
   "creation": "2025-03-28 04:22:43.983615",
   "default_value": null,
   "doc_type": "Item Barcode",
   "docstatus": 0,
   "doctype_or_field": "DocField",
   "field_name": "barcode",
   "idx": 0,
   "is_system_generated": 1,
   "modified": "2025-04-17 09:37:23.805426",
   "modified_by": "Administrator",
   "module": null,
   "name": "Item Barcode-barcode-hidden",
   "owner": "Administrator",
   "property": "hidden",
   "property_type": "Check",
   "row_name": null,
   "value": "0"
  }
 ],
 "sync_on_migrate": 1
}