{
 "custom_fields": [
  {
   "_assign": null,
   "_comments": null,
   "_liked_by": null,
   "_user_tags": null,
   "allow_in_quick_entry": 0,
   "allow_on_submit": 1,
   "bold": 0,
   "collapsible": 0,
   "collapsible_depends_on": null,
   "columns": 0,
   "creation": "2025-04-22 14:50:40.881059",
   "default": "Unpaid",
   "depends_on": null,
   "description": null,
   "docstatus": 0,
   "dt": "Sales Order",
   "fetch_from": null,
   "fetch_if_empty": 0,
   "fieldname": "custom_lazada_status",
   "fieldtype": "Data",
   "hidden": 0,
   "hide_border": 0,
   "hide_days": 0,
   "hide_seconds": 0,
   "idx": 13,
   "ignore_user_permissions": 0,
   "ignore_xss_filter": 0,
   "in_global_search": 0,
   "in_list_view": 0,
   "in_preview": 0,
   "in_standard_filter": 0,
   "insert_after": "custom_market_platform_",
   "is_system_generated": 0,
   "is_virtual": 0,
   "label": "Lazada Status",
   "length": 0,
   "link_filters": null,
   "mandatory_depends_on": null,
   "modified": "2025-04-22 14:50:40.881059",
   "modified_by": "Administrator",
   "module": null,
   "name": "Sales Order-custom_lazada_status",
   "no_copy": 0,
   "non_negative": 0,
   "options": "\n",
   "owner": "Administrator",
   "permlevel": 0,
   "placeholder": null,
   "precision": "",
   "print_hide": 0,
   "print_hide_if_no_value": 0,
   "print_width": null,
   "read_only": 0,
   "read_only_depends_on": null,
   "report_hide": 0,
   "reqd": 0,
   "search_index": 0,
   "show_dashboard": 0,
   "sort_options": 0,
   "translatable": 1,
   "unique": 0,
   "width": null
  },
  {
   "_assign": null,
   "_comments": null,
   "_liked_by": null,
   "_user_tags": null,
   "allow_in_quick_entry": 0,
   "allow_on_submit": 0,
   "bold": 0,
   "collapsible": 0,
   "collapsible_depends_on": null,
   "columns": 0,
   "creation": "2025-04-21 13:36:49.404381",
   "default": "",
   "depends_on": null,
   "description": null,
   "docstatus": 0,
   "dt": "Sales Order",
   "fetch_from": null,
   "fetch_if_empty": 0,
   "fieldname": "custom_market_platform_",
   "fieldtype": "Select",
   "hidden": 0,
   "hide_border": 0,
   "hide_days": 0,
   "hide_seconds": 0,
   "idx": 12,
   "ignore_user_permissions": 0,
   "ignore_xss_filter": 0,
   "in_global_search": 0,
   "in_list_view": 0,
   "in_preview": 0,
   "in_standard_filter": 0,
   "insert_after": "delivery_date",
   "is_system_generated": 0,
   "is_virtual": 0,
   "label": "Market Platform ",
   "length": 0,
   "link_filters": null,
   "mandatory_depends_on": null,
   "modified": "2025-04-21 13:36:49.404381",
   "modified_by": "Administrator",
   "module": null,
   "name": "Sales Order-custom_market_platform_",
   "no_copy": 0,
   "non_negative": 0,
   "options": "Lazada\nShop\nTiktok\nShopee\nTiki",
   "owner": "Administrator",
   "permlevel": 0,
   "placeholder": null,
   "precision": "",
   "print_hide": 0,
   "print_hide_if_no_value": 0,
   "print_width": null,
   "read_only": 0,
   "read_only_depends_on": null,
   "report_hide": 0,
   "reqd": 0,
   "search_index": 0,
   "show_dashboard": 0,
   "sort_options": 0,
   "translatable": 1,
   "unique": 0,
   "width": null
  }
 ],
 "custom_perms": [],
 "doctype": "Sales Order",
 "links": [],
 "property_setters": [
  {
   "_assign": null,
   "_comments": null,
   "_liked_by": null,
   "_user_tags": null,
   "creation": "2025-03-28 13:43:17.311774",
   "default_value": null,
   "doc_type": "Sales Order",
   "docstatus": 0,
   "doctype_or_field": "DocField",
   "field_name": "base_rounded_total",
   "idx": 0,
   "is_system_generated": 0,
   "modified": "2025-04-22 11:23:10.501670",
   "modified_by": "Administrator",
   "module": null,
   "name": "Sales Order-base_rounded_total-hidden",
   "owner": "Administrator",
   "property": "hidden",
   "property_type": "Check",
   "row_name": null,
   "value": "0"
  },
  {
   "_assign": null,
   "_comments": null,
   "_liked_by": null,
   "_user_tags": null,
   "creation": "2025-03-28 13:43:17.318653",
   "default_value": null,
   "doc_type": "Sales Order",
   "docstatus": 0,
   "doctype_or_field": "DocField",
   "field_name": "base_rounded_total",
   "idx": 0,
   "is_system_generated": 0,
   "modified": "2025-04-22 11:23:10.508368",
   "modified_by": "Administrator",
   "module": null,
   "name": "Sales Order-base_rounded_total-print_hide",
   "owner": "Administrator",
   "property": "print_hide",
   "property_type": "Check",
   "row_name": null,
   "value": "1"
  },
  {
   "_assign": null,
   "_comments": null,
   "_liked_by": null,
   "_user_tags": null,
   "creation": "2025-03-28 13:43:17.337873",
   "default_value": null,
   "doc_type": "Sales Order",
   "docstatus": 0,
   "doctype_or_field": "DocField",
   "field_name": "disable_rounded_total",
   "idx": 0,
   "is_system_generated": 0,
   "modified": "2025-04-22 11:23:10.514663",
   "modified_by": "Administrator",
   "module": null,
   "name": "Sales Order-disable_rounded_total-default",
   "owner": "Administrator",
   "property": "default",
   "property_type": "Text",
   "row_name": null,
   "value": "0"
  },
  {
   "_assign": null,
   "_comments": null,
   "_liked_by": null,
   "_user_tags": null,
   "creation": "2025-03-28 12:06:39.990776",
   "default_value": null,
   "doc_type": "Sales Order",
   "docstatus": 0,
   "doctype_or_field": "DocField",
   "field_name": "due_date",
   "idx": 0,
   "is_system_generated": 0,
   "modified": "2025-04-22 11:23:10.520331",
   "modified_by": "Administrator",
   "module": null,
   "name": "Sales Order-due_date-print_hide",
   "owner": "Administrator",
   "property": "print_hide",
   "property_type": "Check",
   "row_name": null,
   "value": "0"
  },
  {
   "_assign": null,
   "_comments": null,
   "_liked_by": null,
   "_user_tags": null,
   "creation": "2025-03-28 13:43:17.554708",
   "default_value": null,
   "doc_type": "Sales Order",
   "docstatus": 0,
   "doctype_or_field": "DocField",
   "field_name": "in_words",
   "idx": 0,
   "is_system_generated": 0,
   "modified": "2025-04-22 11:23:10.526843",
   "modified_by": "Administrator",
   "module": null,
   "name": "Sales Order-in_words-hidden",
   "owner": "Administrator",
   "property": "hidden",
   "property_type": "Check",
   "row_name": null,
   "value": "0"
  },
  {
   "_assign": null,
   "_comments": null,
   "_liked_by": null,
   "_user_tags": null,
   "creation": "2025-03-28 13:43:17.561107",
   "default_value": null,
   "doc_type": "Sales Order",
   "docstatus": 0,
   "doctype_or_field": "DocField",
   "field_name": "in_words",
   "idx": 0,
   "is_system_generated": 0,
   "modified": "2025-04-22 11:23:10.535244",
   "modified_by": "Administrator",
   "module": null,
   "name": "Sales Order-in_words-print_hide",
   "owner": "Administrator",
   "property": "print_hide",
   "property_type": "Check",
   "row_name": null,
   "value": "0"
  },
  {
   "_assign": null,
   "_comments": null,
   "_liked_by": null,
   "_user_tags": null,
   "creation": "2025-04-22 14:52:22.057016",
   "default_value": null,
   "doc_type": "Sales Order",
   "docstatus": 0,
   "doctype_or_field": "DocType",
   "field_name": null,
   "idx": 0,
   "is_system_generated": 0,
   "modified": "2025-04-22 14:52:22.057016",
   "modified_by": "Administrator",
   "module": null,
   "name": "Sales Order-main-field_order",
   "owner": "Administrator",
   "property": "field_order",
   "property_type": "Data",
   "row_name": null,
   "value": "[\"customer_section\", \"column_break0\", \"title\", \"naming_series\", \"customer\", \"customer_name\", \"tax_id\", \"order_type\", \"column_break_7\", \"transaction_date\", \"delivery_date\", \"custom_market_platform_\", \"custom_lazada_status\", \"column_break1\", \"po_no\", \"po_date\", \"company\", \"skip_delivery_note\", \"amended_from\", \"accounting_dimensions_section\", \"cost_center\", \"dimension_col_break\", \"project\", \"currency_and_price_list\", \"currency\", \"conversion_rate\", \"column_break2\", \"selling_price_list\", \"price_list_currency\", \"plc_conversion_rate\", \"ignore_pricing_rule\", \"sec_warehouse\", \"scan_barcode\", \"column_break_28\", \"set_warehouse\", \"reserve_stock\", \"items_section\", \"items\", \"section_break_31\", \"total_qty\", \"total_net_weight\", \"column_break_33\", \"base_total\", \"base_net_total\", \"column_break_33a\", \"total\", \"net_total\", \"taxes_section\", \"tax_category\", \"taxes_and_charges\", \"column_break_38\", \"shipping_rule\", \"column_break_49\", \"incoterm\", \"named_place\", \"section_break_40\", \"taxes\", \"section_break_43\", \"base_total_taxes_and_charges\", \"column_break_46\", \"total_taxes_and_charges\", \"totals\", \"base_grand_total\", \"base_rounding_adjustment\", \"base_rounded_total\", \"base_in_words\", \"column_break3\", \"grand_total\", \"rounding_adjustment\", \"rounded_total\", \"in_words\", \"advance_paid\", \"disable_rounded_total\", \"section_break_48\", \"apply_discount_on\", \"base_discount_amount\", \"coupon_code\", \"column_break_50\", \"additional_discount_percentage\", \"discount_amount\", \"sec_tax_breakup\", \"other_charges_calculation\", \"packing_list\", \"packed_items\", \"pricing_rule_details\", \"pricing_rules\", \"contact_info\", \"billing_address_column\", \"customer_address\", \"address_display\", \"customer_group\", \"territory\", \"column_break_84\", \"contact_person\", \"contact_display\", \"contact_phone\", \"contact_mobile\", \"contact_email\", \"shipping_address_column\", \"shipping_address_name\", \"shipping_address\", \"column_break_93\", \"dispatch_address_name\", \"dispatch_address\", \"col_break46\", \"company_address\", \"company_address_display\", \"column_break_92\", \"company_contact_person\", \"payment_schedule_section\", \"payment_terms_section\", \"payment_terms_template\", \"payment_schedule\", \"terms_section_break\", \"tc_name\", \"terms\", \"more_info\", \"section_break_78\", \"status\", \"delivery_status\", \"per_delivered\", \"column_break_81\", \"per_billed\", \"per_picked\", \"billing_status\", \"sales_team_section_break\", \"sales_partner\", \"column_break7\", \"amount_eligible_for_commission\", \"commission_rate\", \"total_commission\", \"section_break1\", \"sales_team\", \"loyalty_points_redemption\", \"loyalty_points\", \"column_break_116\", \"loyalty_amount\", \"subscription_section\", \"from_date\", \"to_date\", \"column_break_108\", \"auto_repeat\", \"update_auto_repeat_reference\", \"printing_details\", \"letter_head\", \"group_same_items\", \"column_break4\", \"select_print_heading\", \"language\", \"additional_info_section\", \"is_internal_customer\", \"represents_company\", \"column_break_152\", \"source\", \"inter_company_order_reference\", \"campaign\", \"party_account_currency\", \"connections_tab\"]"
  },
  {
   "_assign": null,
   "_comments": null,
   "_liked_by": null,
   "_user_tags": null,
   "creation": "2025-03-28 12:06:39.995103",
   "default_value": null,
   "doc_type": "Sales Order",
   "docstatus": 0,
   "doctype_or_field": "DocField",
   "field_name": "payment_schedule",
   "idx": 0,
   "is_system_generated": 0,
   "modified": "2025-04-22 11:23:10.548441",
   "modified_by": "Administrator",
   "module": null,
   "name": "Sales Order-payment_schedule-print_hide",
   "owner": "Administrator",
   "property": "print_hide",
   "property_type": "Check",
   "row_name": null,
   "value": "1"
  },
  {
   "_assign": null,
   "_comments": null,
   "_liked_by": null,
   "_user_tags": null,
   "creation": "2025-03-28 13:43:17.325331",
   "default_value": null,
   "doc_type": "Sales Order",
   "docstatus": 0,
   "doctype_or_field": "DocField",
   "field_name": "rounded_total",
   "idx": 0,
   "is_system_generated": 0,
   "modified": "2025-04-22 11:23:10.563709",
   "modified_by": "Administrator",
   "module": null,
   "name": "Sales Order-rounded_total-hidden",
   "owner": "Administrator",
   "property": "hidden",
   "property_type": "Check",
   "row_name": null,
   "value": "0"
  },
  {
   "_assign": null,
   "_comments": null,
   "_liked_by": null,
   "_user_tags": null,
   "creation": "2025-03-28 13:43:17.331799",
   "default_value": null,
   "doc_type": "Sales Order",
   "docstatus": 0,
   "doctype_or_field": "DocField",
   "field_name": "rounded_total",
   "idx": 0,
   "is_system_generated": 0,
   "modified": "2025-04-22 11:23:10.569579",
   "modified_by": "Administrator",
   "module": null,
   "name": "Sales Order-rounded_total-print_hide",
   "owner": "Administrator",
   "property": "print_hide",
   "property_type": "Check",
   "row_name": null,
   "value": "0"
  },
  {
   "_assign": null,
   "_comments": null,
   "_liked_by": null,
   "_user_tags": null,
   "creation": "2025-03-28 13:43:18.386674",
   "default_value": null,
   "doc_type": "Sales Order",
   "docstatus": 0,
   "doctype_or_field": "DocField",
   "field_name": "scan_barcode",
   "idx": 0,
   "is_system_generated": 1,
   "modified": "2025-04-22 11:23:10.575068",
   "modified_by": "Administrator",
   "module": null,
   "name": "Sales Order-scan_barcode-hidden",
   "owner": "Administrator",
   "property": "hidden",
   "property_type": "Check",
   "row_name": null,
   "value": "0"
  },
  {
   "_assign": null,
   "_comments": null,
   "_liked_by": null,
   "_user_tags": null,
   "creation": "2025-03-28 13:43:16.907553",
   "default_value": null,
   "doc_type": "Sales Order",
   "docstatus": 0,
   "doctype_or_field": "DocField",
   "field_name": "tax_id",
   "idx": 0,
   "is_system_generated": 0,
   "modified": "2025-04-22 11:23:10.580632",
   "modified_by": "Administrator",
   "module": null,
   "name": "Sales Order-tax_id-hidden",
   "owner": "Administrator",
   "property": "hidden",
   "property_type": "Check",
   "row_name": null,
   "value": "0"
  },
  {
   "_assign": null,
   "_comments": null,
   "_liked_by": null,
   "_user_tags": null,
   "creation": "2025-03-28 13:43:16.914140",
   "default_value": null,
   "doc_type": "Sales Order",
   "docstatus": 0,
   "doctype_or_field": "DocField",
   "field_name": "tax_id",
   "idx": 0,
   "is_system_generated": 0,
   "modified": "2025-04-22 11:23:10.586103",
   "modified_by": "Administrator",
   "module": null,
   "name": "Sales Order-tax_id-print_hide",
   "owner": "Administrator",
   "property": "print_hide",
   "property_type": "Check",
   "row_name": null,
   "value": "0"
  }
 ],
 "sync_on_migrate": 1
}