{
 "custom_fields": [
  {
   "_assign": null,
   "_comments": null,
   "_liked_by": null,
   "_user_tags": null,
   "allow_in_quick_entry": 0,
   "allow_on_submit": 0,
   "bold": 0,
   "collapsible": 0,
   "collapsible_depends_on": null,
   "columns": 0,
   "creation": "2025-03-11 16:55:10.777976",
   "default": null,
   "depends_on": null,
   "description": null,
   "docstatus": 0,
   "dt": "Item",
   "fetch_from": null,
   "fetch_if_empty": 0,
   "fieldname": "custom_360_image_1",
   "fieldtype": "Image",
   "hidden": 0,
   "hide_border": 0,
   "hide_days": 0,
   "hide_seconds": 0,
   "idx": 44,
   "ignore_user_permissions": 0,
   "ignore_xss_filter": 0,
   "in_global_search": 0,
   "in_list_view": 0,
   "in_preview": 0,
   "in_standard_filter": 0,
   "insert_after": "custom_view_360",
   "is_system_generated": 0,
   "is_virtual": 0,
   "label": "360 Image 1",
   "length": 0,
   "link_filters": null,
   "mandatory_depends_on": null,
   "modified": "2025-03-11 16:55:10.777976",
   "modified_by": "Administrator",
   "module": null,
   "name": "Item-custom_360_image_1",
   "no_copy": 0,
   "non_negative": 0,
   "options": "custom_attach_360_image_1",
   "owner": "Administrator",
   "permlevel": 0,
   "placeholder": null,
   "precision": "",
   "print_hide": 0,
   "print_hide_if_no_value": 0,
   "print_width": null,
   "read_only": 0,
   "read_only_depends_on": null,
   "report_hide": 0,
   "reqd": 0,
   "search_index": 0,
   "show_dashboard": 0,
   "sort_options": 0,
   "translatable": 0,
   "unique": 0,
   "width": null
  },
  {
   "_assign": null,
   "_comments": null,
   "_liked_by": null,
   "_user_tags": null,
   "allow_in_quick_entry": 0,
   "allow_on_submit": 0,
   "bold": 0,
   "collapsible": 0,
   "collapsible_depends_on": null,
   "columns": 0,
   "creation": "2025-03-11 16:58:41.944213",
   "default": null,
   "depends_on": null,
   "description": null,
   "docstatus": 0,
   "dt": "Item",
   "fetch_from": null,
   "fetch_if_empty": 0,
   "fieldname": "custom_360_image_2",
   "fieldtype": "Image",
   "hidden": 0,
   "hide_border": 0,
   "hide_days": 0,
   "hide_seconds": 0,
   "idx": 49,
   "ignore_user_permissions": 0,
   "ignore_xss_filter": 0,
   "in_global_search": 0,
   "in_list_view": 0,
   "in_preview": 0,
   "in_standard_filter": 0,
   "insert_after": "custom_column_break_tmqvo",
   "is_system_generated": 0,
   "is_virtual": 0,
   "label": "360 Image 2",
   "length": 0,
   "link_filters": null,
   "mandatory_depends_on": null,
   "modified": "2025-03-11 16:58:41.944213",
   "modified_by": "Administrator",
   "module": null,
   "name": "Item-custom_360_image_2",
   "no_copy": 0,
   "non_negative": 0,
   "options": "custom_attach_360_image_2",
   "owner": "Administrator",
   "permlevel": 0,
   "placeholder": null,
   "precision": "",
   "print_hide": 0,
   "print_hide_if_no_value": 0,
   "print_width": null,
   "read_only": 0,
   "read_only_depends_on": null,
   "report_hide": 0,
   "reqd": 0,
   "search_index": 0,
   "show_dashboard": 0,
   "sort_options": 0,
   "translatable": 0,
   "unique": 0,
   "width": null
  },
  {
   "_assign": null,
   "_comments": null,
   "_liked_by": null,
   "_user_tags": null,
   "allow_in_quick_entry": 0,
   "allow_on_submit": 0,
   "bold": 0,
   "collapsible": 0,
   "collapsible_depends_on": null,
   "columns": 0,
   "creation": "2025-03-11 17:00:39.773583",
   "default": null,
   "depends_on": null,
   "description": null,
   "docstatus": 0,
   "dt": "Item",
   "fetch_from": null,
   "fetch_if_empty": 0,
   "fieldname": "custom_360_image_3",
   "fieldtype": "Image",
   "hidden": 0,
   "hide_border": 0,
   "hide_days": 0,
   "hide_seconds": 0,
   "idx": 54,
   "ignore_user_permissions": 0,
   "ignore_xss_filter": 0,
   "in_global_search": 0,
   "in_list_view": 0,
   "in_preview": 0,
   "in_standard_filter": 0,
   "insert_after": "custom_column_break_lnqmc",
   "is_system_generated": 0,
   "is_virtual": 0,
   "label": "360 Image 3",
   "length": 0,
   "link_filters": null,
   "mandatory_depends_on": null,
   "modified": "2025-03-11 17:00:39.773583",
   "modified_by": "Administrator",
   "module": null,
   "name": "Item-custom_360_image_3",
   "no_copy": 0,
   "non_negative": 0,
   "options": "custom_attach_360_image_3",
   "owner": "Administrator",
   "permlevel": 0,
   "placeholder": null,
   "precision": "",
   "print_hide": 0,
   "print_hide_if_no_value": 0,
   "print_width": null,
   "read_only": 0,
   "read_only_depends_on": null,
   "report_hide": 0,
   "reqd": 0,
   "search_index": 0,
   "show_dashboard": 0,
   "sort_options": 0,
   "translatable": 0,
   "unique": 0,
   "width": null
  },
  {
   "_assign": null,
   "_comments": null,
   "_liked_by": null,
   "_user_tags": null,
   "allow_in_quick_entry": 0,
   "allow_on_submit": 0,
   "bold": 0,
   "collapsible": 0,
   "collapsible_depends_on": null,
   "columns": 0,
   "creation": "2025-03-11 17:02:03.088801",
   "default": null,
   "depends_on": null,
   "description": null,
   "docstatus": 0,
   "dt": "Item",
   "fetch_from": null,
   "fetch_if_empty": 0,
   "fieldname": "custom_360_image_4",
   "fieldtype": "Image",
   "hidden": 0,
   "hide_border": 0,
   "hide_days": 0,
   "hide_seconds": 0,
   "idx": 59,
   "ignore_user_permissions": 0,
   "ignore_xss_filter": 0,
   "in_global_search": 0,
   "in_list_view": 0,
   "in_preview": 0,
   "in_standard_filter": 0,
   "insert_after": "custom_column_break_bp3kn",
   "is_system_generated": 0,
   "is_virtual": 0,
   "label": "360 Image 4",
   "length": 0,
   "link_filters": null,
   "mandatory_depends_on": null,
   "modified": "2025-03-11 17:02:03.088801",
   "modified_by": "Administrator",
   "module": null,
   "name": "Item-custom_360_image_4",
   "no_copy": 0,
   "non_negative": 0,
   "options": "custom_attach_360_image_4",
   "owner": "Administrator",
   "permlevel": 0,
   "placeholder": null,
   "precision": "",
   "print_hide": 0,
   "print_hide_if_no_value": 0,
   "print_width": null,
   "read_only": 0,
   "read_only_depends_on": null,
   "report_hide": 0,
   "reqd": 0,
   "search_index": 0,
   "show_dashboard": 0,
   "sort_options": 0,
   "translatable": 0,
   "unique": 0,
   "width": null
  },
  {
   "_assign": null,
   "_comments": null,
   "_liked_by": null,
   "_user_tags": null,
   "allow_in_quick_entry": 0,
   "allow_on_submit": 0,
   "bold": 0,
   "collapsible": 0,
   "collapsible_depends_on": null,
   "columns": 0,
   "creation": "2025-03-11 17:03:22.824051",
   "default": null,
   "depends_on": null,
   "description": null,
   "docstatus": 0,
   "dt": "Item",
   "fetch_from": null,
   "fetch_if_empty": 0,
   "fieldname": "custom_360_image_5",
   "fieldtype": "Image",
   "hidden": 0,
   "hide_border": 0,
   "hide_days": 0,
   "hide_seconds": 0,
   "idx": 46,
   "ignore_user_permissions": 0,
   "ignore_xss_filter": 0,
   "in_global_search": 0,
   "in_list_view": 0,
   "in_preview": 0,
   "in_standard_filter": 0,
   "insert_after": "custom_attach_360_image_1",
   "is_system_generated": 0,
   "is_virtual": 0,
   "label": "360 Image 5",
   "length": 0,
   "link_filters": null,
   "mandatory_depends_on": null,
   "modified": "2025-03-11 17:03:22.824051",
   "modified_by": "Administrator",
   "module": null,
   "name": "Item-custom_360_image_5",
   "no_copy": 0,
   "non_negative": 0,
   "options": "custom_attach_360_image_5",
   "owner": "Administrator",
   "permlevel": 0,
   "placeholder": null,
   "precision": "",
   "print_hide": 0,
   "print_hide_if_no_value": 0,
   "print_width": null,
   "read_only": 0,
   "read_only_depends_on": null,
   "report_hide": 0,
   "reqd": 0,
   "search_index": 0,
   "show_dashboard": 0,
   "sort_options": 0,
   "translatable": 0,
   "unique": 0,
   "width": null
  },
  {
   "_assign": null,
   "_comments": null,
   "_liked_by": null,
   "_user_tags": null,
   "allow_in_quick_entry": 0,
   "allow_on_submit": 0,
   "bold": 0,
   "collapsible": 0,
   "collapsible_depends_on": null,
   "columns": 0,
   "creation": "2025-03-11 17:05:39.389821",
   "default": null,
   "depends_on": null,
   "description": null,
   "docstatus": 0,
   "dt": "Item",
   "fetch_from": null,
   "fetch_if_empty": 0,
   "fieldname": "custom_360_image_6",
   "fieldtype": "Image",
   "hidden": 0,
   "hide_border": 0,
   "hide_days": 0,
   "hide_seconds": 0,
   "idx": 51,
   "ignore_user_permissions": 0,
   "ignore_xss_filter": 0,
   "in_global_search": 0,
   "in_list_view": 0,
   "in_preview": 0,
   "in_standard_filter": 0,
   "insert_after": "custom_attach_360_image_2",
   "is_system_generated": 0,
   "is_virtual": 0,
   "label": "360 Image 6",
   "length": 0,
   "link_filters": null,
   "mandatory_depends_on": null,
   "modified": "2025-03-11 17:05:39.389821",
   "modified_by": "Administrator",
   "module": null,
   "name": "Item-custom_360_image_6",
   "no_copy": 0,
   "non_negative": 0,
   "options": "custom_attach_360_image_6",
   "owner": "Administrator",
   "permlevel": 0,
   "placeholder": null,
   "precision": "",
   "print_hide": 0,
   "print_hide_if_no_value": 0,
   "print_width": null,
   "read_only": 0,
   "read_only_depends_on": null,
   "report_hide": 0,
   "reqd": 0,
   "search_index": 0,
   "show_dashboard": 0,
   "sort_options": 0,
   "translatable": 0,
   "unique": 0,
   "width": null
  },
  {
   "_assign": null,
   "_comments": null,
   "_liked_by": null,
   "_user_tags": null,
   "allow_in_quick_entry": 0,
   "allow_on_submit": 0,
   "bold": 0,
   "collapsible": 0,
   "collapsible_depends_on": null,
   "columns": 0,
   "creation": "2025-03-11 17:07:07.648972",
   "default": null,
   "depends_on": null,
   "description": null,
   "docstatus": 0,
   "dt": "Item",
   "fetch_from": null,
   "fetch_if_empty": 0,
   "fieldname": "custom_360_image_7",
   "fieldtype": "Image",
   "hidden": 0,
   "hide_border": 0,
   "hide_days": 0,
   "hide_seconds": 0,
   "idx": 56,
   "ignore_user_permissions": 0,
   "ignore_xss_filter": 0,
   "in_global_search": 0,
   "in_list_view": 0,
   "in_preview": 0,
   "in_standard_filter": 0,
   "insert_after": "custom_attach_360_image_3",
   "is_system_generated": 0,
   "is_virtual": 0,
   "label": "360 Image 7",
   "length": 0,
   "link_filters": null,
   "mandatory_depends_on": null,
   "modified": "2025-03-11 17:07:07.648972",
   "modified_by": "Administrator",
   "module": null,
   "name": "Item-custom_360_image_7",
   "no_copy": 0,
   "non_negative": 0,
   "options": "custom_attach_360_image_7",
   "owner": "Administrator",
   "permlevel": 0,
   "placeholder": null,
   "precision": "",
   "print_hide": 0,
   "print_hide_if_no_value": 0,
   "print_width": null,
   "read_only": 0,
   "read_only_depends_on": null,
   "report_hide": 0,
   "reqd": 0,
   "search_index": 0,
   "show_dashboard": 0,
   "sort_options": 0,
   "translatable": 0,
   "unique": 0,
   "width": null
  },
  {
   "_assign": null,
   "_comments": null,
   "_liked_by": null,
   "_user_tags": null,
   "allow_in_quick_entry": 0,
   "allow_on_submit": 0,
   "bold": 0,
   "collapsible": 0,
   "collapsible_depends_on": null,
   "columns": 0,
   "creation": "2025-03-11 17:08:45.176597",
   "default": null,
   "depends_on": null,
   "description": null,
   "docstatus": 0,
   "dt": "Item",
   "fetch_from": null,
   "fetch_if_empty": 0,
   "fieldname": "custom_360_image_8",
   "fieldtype": "Image",
   "hidden": 0,
   "hide_border": 0,
   "hide_days": 0,
   "hide_seconds": 0,
   "idx": 61,
   "ignore_user_permissions": 0,
   "ignore_xss_filter": 0,
   "in_global_search": 0,
   "in_list_view": 0,
   "in_preview": 0,
   "in_standard_filter": 0,
   "insert_after": "custom_attach_360_image_4",
   "is_system_generated": 0,
   "is_virtual": 0,
   "label": "360 Image 8",
   "length": 0,
   "link_filters": null,
   "mandatory_depends_on": null,
   "modified": "2025-03-11 17:08:45.176597",
   "modified_by": "Administrator",
   "module": null,
   "name": "Item-custom_360_image_8",
   "no_copy": 0,
   "non_negative": 0,
   "options": "custom_attach_360_image_8",
   "owner": "Administrator",
   "permlevel": 0,
   "placeholder": null,
   "precision": "",
   "print_hide": 0,
   "print_hide_if_no_value": 0,
   "print_width": null,
   "read_only": 0,
   "read_only_depends_on": null,
   "report_hide": 0,
   "reqd": 0,
   "search_index": 0,
   "show_dashboard": 0,
   "sort_options": 0,
   "translatable": 0,
   "unique": 0,
   "width": null
  },
  {
   "_assign": null,
   "_comments": null,
   "_liked_by": null,
   "_user_tags": null,
   "allow_in_quick_entry": 0,
   "allow_on_submit": 0,
   "bold": 0,
   "collapsible": 0,
   "collapsible_depends_on": null,
   "columns": 0,
   "creation": "2025-03-11 16:55:11.023391",
   "default": null,
   "depends_on": null,
   "description": null,
   "docstatus": 0,
   "dt": "Item",
   "fetch_from": null,
   "fetch_if_empty": 0,
   "fieldname": "custom_attach_360_image_1",
   "fieldtype": "Attach Image",
   "hidden": 0,
   "hide_border": 0,
   "hide_days": 0,
   "hide_seconds": 0,
   "idx": 45,
   "ignore_user_permissions": 0,
   "ignore_xss_filter": 0,
   "in_global_search": 0,
   "in_list_view": 0,
   "in_preview": 0,
   "in_standard_filter": 0,
   "insert_after": "custom_360_image_1",
   "is_system_generated": 0,
   "is_virtual": 0,
   "label": "Attach 360 Image 1",
   "length": 0,
   "link_filters": null,
   "mandatory_depends_on": null,
   "modified": "2025-03-11 16:55:11.023391",
   "modified_by": "Administrator",
   "module": null,
   "name": "Item-custom_attach_360_image_1",
   "no_copy": 0,
   "non_negative": 0,
   "options": null,
   "owner": "Administrator",
   "permlevel": 0,
   "placeholder": null,
   "precision": "",
   "print_hide": 0,
   "print_hide_if_no_value": 0,
   "print_width": null,
   "read_only": 0,
   "read_only_depends_on": null,
   "report_hide": 0,
   "reqd": 0,
   "search_index": 0,
   "show_dashboard": 0,
   "sort_options": 0,
   "translatable": 0,
   "unique": 0,
   "width": null
  },
  {
   "_assign": null,
   "_comments": null,
   "_liked_by": null,
   "_user_tags": null,
   "allow_in_quick_entry": 0,
   "allow_on_submit": 0,
   "bold": 0,
   "collapsible": 0,
   "collapsible_depends_on": null,
   "columns": 0,
   "creation": "2025-03-11 16:58:42.256939",
   "default": null,
   "depends_on": null,
   "description": null,
   "docstatus": 0,
   "dt": "Item",
   "fetch_from": null,
   "fetch_if_empty": 0,
   "fieldname": "custom_attach_360_image_2",
   "fieldtype": "Attach Image",
   "hidden": 0,
   "hide_border": 0,
   "hide_days": 0,
   "hide_seconds": 0,
   "idx": 50,
   "ignore_user_permissions": 0,
   "ignore_xss_filter": 0,
   "in_global_search": 0,
   "in_list_view": 0,
   "in_preview": 0,
   "in_standard_filter": 0,
   "insert_after": "custom_360_image_2",
   "is_system_generated": 0,
   "is_virtual": 0,
   "label": "Attach 360 Image 2",
   "length": 0,
   "link_filters": null,
   "mandatory_depends_on": null,
   "modified": "2025-03-11 16:58:42.256939",
   "modified_by": "Administrator",
   "module": null,
   "name": "Item-custom_attach_360_image_2",
   "no_copy": 0,
   "non_negative": 0,
   "options": null,
   "owner": "Administrator",
   "permlevel": 0,
   "placeholder": null,
   "precision": "",
   "print_hide": 0,
   "print_hide_if_no_value": 0,
   "print_width": null,
   "read_only": 0,
   "read_only_depends_on": null,
   "report_hide": 0,
   "reqd": 0,
   "search_index": 0,
   "show_dashboard": 0,
   "sort_options": 0,
   "translatable": 0,
   "unique": 0,
   "width": null
  },
  {
   "_assign": null,
   "_comments": null,
   "_liked_by": null,
   "_user_tags": null,
   "allow_in_quick_entry": 0,
   "allow_on_submit": 0,
   "bold": 0,
   "collapsible": 0,
   "collapsible_depends_on": null,
   "columns": 0,
   "creation": "2025-03-11 17:00:40.030360",
   "default": null,
   "depends_on": null,
   "description": null,
   "docstatus": 0,
   "dt": "Item",
   "fetch_from": null,
   "fetch_if_empty": 0,
   "fieldname": "custom_attach_360_image_3",
   "fieldtype": "Attach Image",
   "hidden": 0,
   "hide_border": 0,
   "hide_days": 0,
   "hide_seconds": 0,
   "idx": 55,
   "ignore_user_permissions": 0,
   "ignore_xss_filter": 0,
   "in_global_search": 0,
   "in_list_view": 0,
   "in_preview": 0,
   "in_standard_filter": 0,
   "insert_after": "custom_360_image_3",
   "is_system_generated": 0,
   "is_virtual": 0,
   "label": "Attach 360 Image 3",
   "length": 0,
   "link_filters": null,
   "mandatory_depends_on": null,
   "modified": "2025-03-11 17:00:40.030360",
   "modified_by": "Administrator",
   "module": null,
   "name": "Item-custom_attach_360_image_3",
   "no_copy": 0,
   "non_negative": 0,
   "options": null,
   "owner": "Administrator",
   "permlevel": 0,
   "placeholder": null,
   "precision": "",
   "print_hide": 0,
   "print_hide_if_no_value": 0,
   "print_width": null,
   "read_only": 0,
   "read_only_depends_on": null,
   "report_hide": 0,
   "reqd": 0,
   "search_index": 0,
   "show_dashboard": 0,
   "sort_options": 0,
   "translatable": 0,
   "unique": 0,
   "width": null
  },
  {
   "_assign": null,
   "_comments": null,
   "_liked_by": null,
   "_user_tags": null,
   "allow_in_quick_entry": 0,
   "allow_on_submit": 0,
   "bold": 0,
   "collapsible": 0,
   "collapsible_depends_on": null,
   "columns": 0,
   "creation": "2025-03-11 17:02:03.332417",
   "default": null,
   "depends_on": null,
   "description": null,
   "docstatus": 0,
   "dt": "Item",
   "fetch_from": null,
   "fetch_if_empty": 0,
   "fieldname": "custom_attach_360_image_4",
   "fieldtype": "Attach Image",
   "hidden": 0,
   "hide_border": 0,
   "hide_days": 0,
   "hide_seconds": 0,
   "idx": 60,
   "ignore_user_permissions": 0,
   "ignore_xss_filter": 0,
   "in_global_search": 0,
   "in_list_view": 0,
   "in_preview": 0,
   "in_standard_filter": 0,
   "insert_after": "custom_360_image_4",
   "is_system_generated": 0,
   "is_virtual": 0,
   "label": "Attach 360 Image 4",
   "length": 0,
   "link_filters": null,
   "mandatory_depends_on": null,
   "modified": "2025-03-11 17:02:03.332417",
   "modified_by": "Administrator",
   "module": null,
   "name": "Item-custom_attach_360_image_4",
   "no_copy": 0,
   "non_negative": 0,
   "options": null,
   "owner": "Administrator",
   "permlevel": 0,
   "placeholder": null,
   "precision": "",
   "print_hide": 0,
   "print_hide_if_no_value": 0,
   "print_width": null,
   "read_only": 0,
   "read_only_depends_on": null,
   "report_hide": 0,
   "reqd": 0,
   "search_index": 0,
   "show_dashboard": 0,
   "sort_options": 0,
   "translatable": 0,
   "unique": 0,
   "width": null
  },
  {
   "_assign": null,
   "_comments": null,
   "_liked_by": null,
   "_user_tags": null,
   "allow_in_quick_entry": 0,
   "allow_on_submit": 0,
   "bold": 0,
   "collapsible": 0,
   "collapsible_depends_on": null,
   "columns": 0,
   "creation": "2025-03-11 17:03:23.072568",
   "default": null,
   "depends_on": null,
   "description": null,
   "docstatus": 0,
   "dt": "Item",
   "fetch_from": null,
   "fetch_if_empty": 0,
   "fieldname": "custom_attach_360_image_5",
   "fieldtype": "Attach Image",
   "hidden": 0,
   "hide_border": 0,
   "hide_days": 0,
   "hide_seconds": 0,
   "idx": 47,
   "ignore_user_permissions": 0,
   "ignore_xss_filter": 0,
   "in_global_search": 0,
   "in_list_view": 0,
   "in_preview": 0,
   "in_standard_filter": 0,
   "insert_after": "custom_360_image_5",
   "is_system_generated": 0,
   "is_virtual": 0,
   "label": "Attach 360 Image 5",
   "length": 0,
   "link_filters": null,
   "mandatory_depends_on": null,
   "modified": "2025-03-11 17:03:23.072568",
   "modified_by": "Administrator",
   "module": null,
   "name": "Item-custom_attach_360_image_5",
   "no_copy": 0,
   "non_negative": 0,
   "options": null,
   "owner": "Administrator",
   "permlevel": 0,
   "placeholder": null,
   "precision": "",
   "print_hide": 0,
   "print_hide_if_no_value": 0,
   "print_width": null,
   "read_only": 0,
   "read_only_depends_on": null,
   "report_hide": 0,
   "reqd": 0,
   "search_index": 0,
   "show_dashboard": 0,
   "sort_options": 0,
   "translatable": 0,
   "unique": 0,
   "width": null
  },
  {
   "_assign": null,
   "_comments": null,
   "_liked_by": null,
   "_user_tags": null,
   "allow_in_quick_entry": 0,
   "allow_on_submit": 0,
   "bold": 0,
   "collapsible": 0,
   "collapsible_depends_on": null,
   "columns": 0,
   "creation": "2025-03-11 17:05:39.651913",
   "default": null,
   "depends_on": null,
   "description": null,
   "docstatus": 0,
   "dt": "Item",
   "fetch_from": null,
   "fetch_if_empty": 0,
   "fieldname": "custom_attach_360_image_6",
   "fieldtype": "Attach Image",
   "hidden": 0,
   "hide_border": 0,
   "hide_days": 0,
   "hide_seconds": 0,
   "idx": 52,
   "ignore_user_permissions": 0,
   "ignore_xss_filter": 0,
   "in_global_search": 0,
   "in_list_view": 0,
   "in_preview": 0,
   "in_standard_filter": 0,
   "insert_after": "custom_360_image_6",
   "is_system_generated": 0,
   "is_virtual": 0,
   "label": "Attach 360 Image 6",
   "length": 0,
   "link_filters": null,
   "mandatory_depends_on": null,
   "modified": "2025-03-11 17:05:39.651913",
   "modified_by": "Administrator",
   "module": null,
   "name": "Item-custom_attach_360_image_6",
   "no_copy": 0,
   "non_negative": 0,
   "options": null,
   "owner": "Administrator",
   "permlevel": 0,
   "placeholder": null,
   "precision": "",
   "print_hide": 0,
   "print_hide_if_no_value": 0,
   "print_width": null,
   "read_only": 0,
   "read_only_depends_on": null,
   "report_hide": 0,
   "reqd": 0,
   "search_index": 0,
   "show_dashboard": 0,
   "sort_options": 0,
   "translatable": 0,
   "unique": 0,
   "width": null
  },
  {
   "_assign": null,
   "_comments": null,
   "_liked_by": null,
   "_user_tags": null,
   "allow_in_quick_entry": 0,
   "allow_on_submit": 0,
   "bold": 0,
   "collapsible": 0,
   "collapsible_depends_on": null,
   "columns": 0,
   "creation": "2025-03-11 17:07:07.903030",
   "default": null,
   "depends_on": null,
   "description": null,
   "docstatus": 0,
   "dt": "Item",
   "fetch_from": null,
   "fetch_if_empty": 0,
   "fieldname": "custom_attach_360_image_7",
   "fieldtype": "Attach Image",
   "hidden": 0,
   "hide_border": 0,
   "hide_days": 0,
   "hide_seconds": 0,
   "idx": 57,
   "ignore_user_permissions": 0,
   "ignore_xss_filter": 0,
   "in_global_search": 0,
   "in_list_view": 0,
   "in_preview": 0,
   "in_standard_filter": 0,
   "insert_after": "custom_360_image_7",
   "is_system_generated": 0,
   "is_virtual": 0,
   "label": "Attach 360 Image 7",
   "length": 0,
   "link_filters": null,
   "mandatory_depends_on": null,
   "modified": "2025-03-11 17:07:07.903030",
   "modified_by": "Administrator",
   "module": null,
   "name": "Item-custom_attach_360_image_7",
   "no_copy": 0,
   "non_negative": 0,
   "options": null,
   "owner": "Administrator",
   "permlevel": 0,
   "placeholder": null,
   "precision": "",
   "print_hide": 0,
   "print_hide_if_no_value": 0,
   "print_width": null,
   "read_only": 0,
   "read_only_depends_on": null,
   "report_hide": 0,
   "reqd": 0,
   "search_index": 0,
   "show_dashboard": 0,
   "sort_options": 0,
   "translatable": 0,
   "unique": 0,
   "width": null
  },
  {
   "_assign": null,
   "_comments": null,
   "_liked_by": null,
   "_user_tags": null,
   "allow_in_quick_entry": 0,
   "allow_on_submit": 0,
   "bold": 0,
   "collapsible": 0,
   "collapsible_depends_on": null,
   "columns": 0,
   "creation": "2025-03-11 17:08:45.532930",
   "default": null,
   "depends_on": null,
   "description": null,
   "docstatus": 0,
   "dt": "Item",
   "fetch_from": null,
   "fetch_if_empty": 0,
   "fieldname": "custom_attach_360_image_8",
   "fieldtype": "Attach Image",
   "hidden": 0,
   "hide_border": 0,
   "hide_days": 0,
   "hide_seconds": 0,
   "idx": 62,
   "ignore_user_permissions": 0,
   "ignore_xss_filter": 0,
   "in_global_search": 0,
   "in_list_view": 0,
   "in_preview": 0,
   "in_standard_filter": 0,
   "insert_after": "custom_360_image_8",
   "is_system_generated": 0,
   "is_virtual": 0,
   "label": "Attach 360 Image 8",
   "length": 0,
   "link_filters": null,
   "mandatory_depends_on": null,
   "modified": "2025-03-11 17:08:45.532930",
   "modified_by": "Administrator",
   "module": null,
   "name": "Item-custom_attach_360_image_8",
   "no_copy": 0,
   "non_negative": 0,
   "options": null,
   "owner": "Administrator",
   "permlevel": 0,
   "placeholder": null,
   "precision": "",
   "print_hide": 0,
   "print_hide_if_no_value": 0,
   "print_width": null,
   "read_only": 0,
   "read_only_depends_on": null,
   "report_hide": 0,
   "reqd": 0,
   "search_index": 0,
   "show_dashboard": 0,
   "sort_options": 0,
   "translatable": 0,
   "unique": 0,
   "width": null
  },
  {
   "_assign": null,
   "_comments": null,
   "_liked_by": null,
   "_user_tags": null,
   "allow_in_quick_entry": 0,
   "allow_on_submit": 0,
   "bold": 0,
   "collapsible": 0,
   "collapsible_depends_on": null,
   "columns": 0,
   "creation": "2025-03-05 16:15:27.873263",
   "default": null,
   "depends_on": null,
   "description": null,
   "docstatus": 0,
   "dt": "Item",
   "fetch_from": null,
   "fetch_if_empty": 0,
   "fieldname": "custom_attach_image",
   "fieldtype": "Attach Image",
   "hidden": 0,
   "hide_border": 0,
   "hide_days": 0,
   "hide_seconds": 0,
   "idx": 30,
   "ignore_user_permissions": 0,
   "ignore_xss_filter": 0,
   "in_global_search": 0,
   "in_list_view": 0,
   "in_preview": 0,
   "in_standard_filter": 0,
   "insert_after": "custom_image_item_1",
   "is_system_generated": 0,
   "is_virtual": 0,
   "label": "Attach Image 1",
   "length": 0,
   "link_filters": null,
   "mandatory_depends_on": null,
   "modified": "2025-03-05 16:15:27.873263",
   "modified_by": "Administrator",
   "module": null,
   "name": "Item-custom_attach_image",
   "no_copy": 0,
   "non_negative": 0,
   "options": null,
   "owner": "Administrator",
   "permlevel": 0,
   "placeholder": null,
   "precision": "",
   "print_hide": 0,
   "print_hide_if_no_value": 0,
   "print_width": null,
   "read_only": 0,
   "read_only_depends_on": null,
   "report_hide": 0,
   "reqd": 0,
   "search_index": 0,
   "show_dashboard": 0,
   "sort_options": 0,
   "translatable": 0,
   "unique": 0,
   "width": null
  },
  {
   "_assign": null,
   "_comments": null,
   "_liked_by": null,
   "_user_tags": null,
   "allow_in_quick_entry": 0,
   "allow_on_submit": 0,
   "bold": 0,
   "collapsible": 0,
   "collapsible_depends_on": null,
   "columns": 0,
   "creation": "2025-03-05 16:24:14.377053",
   "default": null,
   "depends_on": null,
   "description": null,
   "docstatus": 0,
   "dt": "Item",
   "fetch_from": null,
   "fetch_if_empty": 0,
   "fieldname": "custom_attach_image_2",
   "fieldtype": "Attach Image",
   "hidden": 0,
   "hide_border": 0,
   "hide_days": 0,
   "hide_seconds": 0,
   "idx": 33,
   "ignore_user_permissions": 0,
   "ignore_xss_filter": 0,
   "in_global_search": 0,
   "in_list_view": 0,
   "in_preview": 0,
   "in_standard_filter": 0,
   "insert_after": "custom_image_item_2",
   "is_system_generated": 0,
   "is_virtual": 0,
   "label": "Attach Image 2",
   "length": 0,
   "link_filters": null,
   "mandatory_depends_on": null,
   "modified": "2025-03-05 16:24:14.377053",
   "modified_by": "Administrator",
   "module": null,
   "name": "Item-custom_attach_image_2",
   "no_copy": 0,
   "non_negative": 0,
   "options": null,
   "owner": "Administrator",
   "permlevel": 0,
   "placeholder": null,
   "precision": "",
   "print_hide": 0,
   "print_hide_if_no_value": 0,
   "print_width": null,
   "read_only": 0,
   "read_only_depends_on": null,
   "report_hide": 0,
   "reqd": 0,
   "search_index": 0,
   "show_dashboard": 0,
   "sort_options": 0,
   "translatable": 0,
   "unique": 0,
   "width": null
  },
  {
   "_assign": null,
   "_comments": null,
   "_liked_by": null,
   "_user_tags": null,
   "allow_in_quick_entry": 0,
   "allow_on_submit": 0,
   "bold": 0,
   "collapsible": 0,
   "collapsible_depends_on": null,
   "columns": 0,
   "creation": "2025-03-05 16:27:27.139043",
   "default": null,
   "depends_on": null,
   "description": null,
   "docstatus": 0,
   "dt": "Item",
   "fetch_from": null,
   "fetch_if_empty": 0,
   "fieldname": "custom_attach_image_3",
   "fieldtype": "Attach Image",
   "hidden": 0,
   "hide_border": 0,
   "hide_days": 0,
   "hide_seconds": 0,
   "idx": 36,
   "ignore_user_permissions": 0,
   "ignore_xss_filter": 0,
   "in_global_search": 0,
   "in_list_view": 0,
   "in_preview": 0,
   "in_standard_filter": 0,
   "insert_after": "custom_image_item_3",
   "is_system_generated": 0,
   "is_virtual": 0,
   "label": "Attach Image 3",
   "length": 0,
   "link_filters": null,
   "mandatory_depends_on": null,
   "modified": "2025-03-05 16:27:27.139043",
   "modified_by": "Administrator",
   "module": null,
   "name": "Item-custom_attach_image_3",
   "no_copy": 0,
   "non_negative": 0,
   "options": null,
   "owner": "Administrator",
   "permlevel": 0,
   "placeholder": null,
   "precision": "",
   "print_hide": 0,
   "print_hide_if_no_value": 0,
   "print_width": null,
   "read_only": 0,
   "read_only_depends_on": null,
   "report_hide": 0,
   "reqd": 0,
   "search_index": 0,
   "show_dashboard": 0,
   "sort_options": 0,
   "translatable": 0,
   "unique": 0,
   "width": null
  },
  {
   "_assign": null,
   "_comments": null,
   "_liked_by": null,
   "_user_tags": null,
   "allow_in_quick_entry": 0,
   "allow_on_submit": 0,
   "bold": 0,
   "collapsible": 0,
   "collapsible_depends_on": null,
   "columns": 0,
   "creation": "2025-03-05 17:06:47.180221",
   "default": null,
   "depends_on": null,
   "description": null,
   "docstatus": 0,
   "dt": "Item",
   "fetch_from": null,
   "fetch_if_empty": 0,
   "fieldname": "custom_attach_image_4",
   "fieldtype": "Attach Image",
   "hidden": 0,
   "hide_border": 0,
   "hide_days": 0,
   "hide_seconds": 0,
   "idx": 39,
   "ignore_user_permissions": 0,
   "ignore_xss_filter": 0,
   "in_global_search": 0,
   "in_list_view": 0,
   "in_preview": 0,
   "in_standard_filter": 0,
   "insert_after": "custom_image_item_4",
   "is_system_generated": 0,
   "is_virtual": 0,
   "label": "Attach Image 4",
   "length": 0,
   "link_filters": null,
   "mandatory_depends_on": null,
   "modified": "2025-03-05 17:06:47.180221",
   "modified_by": "Administrator",
   "module": null,
   "name": "Item-custom_attach_image_4",
   "no_copy": 0,
   "non_negative": 0,
   "options": null,
   "owner": "Administrator",
   "permlevel": 0,
   "placeholder": null,
   "precision": "",
   "print_hide": 0,
   "print_hide_if_no_value": 0,
   "print_width": null,
   "read_only": 0,
   "read_only_depends_on": null,
   "report_hide": 0,
   "reqd": 0,
   "search_index": 0,
   "show_dashboard": 0,
   "sort_options": 0,
   "translatable": 0,
   "unique": 0,
   "width": null
  },
  {
   "_assign": null,
   "_comments": null,
   "_liked_by": null,
   "_user_tags": null,
   "allow_in_quick_entry": 0,
   "allow_on_submit": 0,
   "bold": 0,
   "collapsible": 0,
   "collapsible_depends_on": null,
   "columns": 0,
   "creation": "2025-03-05 17:06:48.019181",
   "default": null,
   "depends_on": null,
   "description": null,
   "docstatus": 0,
   "dt": "Item",
   "fetch_from": null,
   "fetch_if_empty": 0,
   "fieldname": "custom_attach_image_5",
   "fieldtype": "Attach Image",
   "hidden": 0,
   "hide_border": 0,
   "hide_days": 0,
   "hide_seconds": 0,
   "idx": 42,
   "ignore_user_permissions": 0,
   "ignore_xss_filter": 0,
   "in_global_search": 0,
   "in_list_view": 0,
   "in_preview": 0,
   "in_standard_filter": 0,
   "insert_after": "custom_image_item_5",
   "is_system_generated": 0,
   "is_virtual": 0,
   "label": "Attach Image 5",
   "length": 0,
   "link_filters": null,
   "mandatory_depends_on": null,
   "modified": "2025-03-05 17:06:48.019181",
   "modified_by": "Administrator",
   "module": null,
   "name": "Item-custom_attach_image_5",
   "no_copy": 0,
   "non_negative": 0,
   "options": null,
   "owner": "Administrator",
   "permlevel": 0,
   "placeholder": null,
   "precision": "",
   "print_hide": 0,
   "print_hide_if_no_value": 0,
   "print_width": null,
   "read_only": 0,
   "read_only_depends_on": null,
   "report_hide": 0,
   "reqd": 0,
   "search_index": 0,
   "show_dashboard": 0,
   "sort_options": 0,
   "translatable": 0,
   "unique": 0,
   "width": null
  },
  {
   "_assign": null,
   "_comments": null,
   "_liked_by": null,
   "_user_tags": null,
   "allow_in_quick_entry": 0,
   "allow_on_submit": 0,
   "bold": 0,
   "collapsible": 0,
   "collapsible_depends_on": null,
   "columns": 0,
   "creation": "2025-02-15 09:26:22.568071",
   "default": null,
   "depends_on": null,
   "description": null,
   "docstatus": 0,
   "dt": "Item",
   "fetch_from": null,
   "fetch_if_empty": 0,
   "fieldname": "custom_barcode_data",
   "fieldtype": "Text",
   "hidden": 1,
   "hide_border": 0,
   "hide_days": 0,
   "hide_seconds": 0,
   "idx": 71,
   "ignore_user_permissions": 0,
   "ignore_xss_filter": 0,
   "in_global_search": 0,
   "in_list_view": 0,
   "in_preview": 0,
   "in_standard_filter": 0,
   "insert_after": "uoms",
   "is_system_generated": 0,
   "is_virtual": 0,
   "label": "Barcode Data",
   "length": 0,
   "link_filters": null,
   "mandatory_depends_on": null,
   "modified": "2025-02-15 09:26:22.568071",
   "modified_by": "Administrator",
   "module": null,
   "name": "Item-custom_barcode_data",
   "no_copy": 1,
   "non_negative": 0,
   "options": null,
   "owner": "Administrator",
   "permlevel": 0,
   "placeholder": null,
   "precision": "",
   "print_hide": 0,
   "print_hide_if_no_value": 0,
   "print_width": null,
   "read_only": 0,
   "read_only_depends_on": null,
   "report_hide": 0,
   "reqd": 0,
   "search_index": 0,
   "show_dashboard": 0,
   "sort_options": 0,
   "translatable": 0,
   "unique": 0,
   "width": null
  },
  {
   "_assign": null,
   "_comments": null,
   "_liked_by": null,
   "_user_tags": null,
   "allow_in_quick_entry": 0,
   "allow_on_submit": 0,
   "bold": 0,
   "collapsible": 0,
   "collapsible_depends_on": null,
   "columns": 0,
   "creation": "2025-02-15 09:26:22.926547",
   "default": null,
   "depends_on": null,
   "description": null,
   "docstatus": 0,
   "dt": "Item",
   "fetch_from": null,
   "fetch_if_empty": 0,
   "fieldname": "custom_barcode_qty",
   "fieldtype": "Int",
   "hidden": 1,
   "hide_border": 0,
   "hide_days": 0,
   "hide_seconds": 0,
   "idx": 73,
   "ignore_user_permissions": 0,
   "ignore_xss_filter": 0,
   "in_global_search": 0,
   "in_list_view": 0,
   "in_preview": 0,
   "in_standard_filter": 0,
   "insert_after": "custom_page_type",
   "is_system_generated": 0,
   "is_virtual": 0,
   "label": "Barcode Qty",
   "length": 0,
   "link_filters": null,
   "mandatory_depends_on": null,
   "modified": "2025-02-15 09:26:22.926547",
   "modified_by": "Administrator",
   "module": null,
   "name": "Item-custom_barcode_qty",
   "no_copy": 1,
   "non_negative": 0,
   "options": null,
   "owner": "Administrator",
   "permlevel": 0,
   "placeholder": null,
   "precision": "",
   "print_hide": 0,
   "print_hide_if_no_value": 0,
   "print_width": null,
   "read_only": 0,
   "read_only_depends_on": null,
   "report_hide": 0,
   "reqd": 0,
   "search_index": 0,
   "show_dashboard": 0,
   "sort_options": 0,
   "translatable": 0,
   "unique": 0,
   "width": null
  },
  {
   "_assign": null,
   "_comments": null,
   "_liked_by": null,
   "_user_tags": null,
   "allow_in_quick_entry": 0,
   "allow_on_submit": 0,
   "bold": 0,
   "collapsible": 0,
   "collapsible_depends_on": null,
   "columns": 0,
   "creation": "2025-03-05 16:27:26.506308",
   "default": null,
   "depends_on": null,
   "description": null,
   "docstatus": 0,
   "dt": "Item",
   "fetch_from": null,
   "fetch_if_empty": 0,
   "fieldname": "custom_column_break_0pcmh",
   "fieldtype": "Column Break",
   "hidden": 0,
   "hide_border": 0,
   "hide_days": 0,
   "hide_seconds": 0,
   "idx": 34,
   "ignore_user_permissions": 0,
   "ignore_xss_filter": 0,
   "in_global_search": 0,
   "in_list_view": 0,
   "in_preview": 0,
   "in_standard_filter": 0,
   "insert_after": "custom_attach_image_2",
   "is_system_generated": 0,
   "is_virtual": 0,
   "label": "",
   "length": 0,
   "link_filters": null,
   "mandatory_depends_on": null,
   "modified": "2025-03-05 16:27:26.506308",
   "modified_by": "Administrator",
   "module": null,
   "name": "Item-custom_column_break_0pcmh",
   "no_copy": 0,
   "non_negative": 0,
   "options": null,
   "owner": "Administrator",
   "permlevel": 0,
   "placeholder": null,
   "precision": "",
   "print_hide": 0,
   "print_hide_if_no_value": 0,
   "print_width": null,
   "read_only": 0,
   "read_only_depends_on": null,
   "report_hide": 0,
   "reqd": 0,
   "search_index": 0,
   "show_dashboard": 0,
   "sort_options": 0,
   "translatable": 0,
   "unique": 0,
   "width": null
  },
  {
   "_assign": null,
   "_comments": null,
   "_liked_by": null,
   "_user_tags": null,
   "allow_in_quick_entry": 0,
   "allow_on_submit": 0,
   "bold": 0,
   "collapsible": 0,
   "collapsible_depends_on": null,
   "columns": 0,
   "creation": "2025-03-05 16:24:13.769510",
   "default": null,
   "depends_on": null,
   "description": null,
   "docstatus": 0,
   "dt": "Item",
   "fetch_from": null,
   "fetch_if_empty": 0,
   "fieldname": "custom_column_break_8vsmh",
   "fieldtype": "Column Break",
   "hidden": 0,
   "hide_border": 0,
   "hide_days": 0,
   "hide_seconds": 0,
   "idx": 31,
   "ignore_user_permissions": 0,
   "ignore_xss_filter": 0,
   "in_global_search": 0,
   "in_list_view": 0,
   "in_preview": 0,
   "in_standard_filter": 0,
   "insert_after": "custom_attach_image",
   "is_system_generated": 0,
   "is_virtual": 0,
   "label": "",
   "length": 0,
   "link_filters": null,
   "mandatory_depends_on": null,
   "modified": "2025-03-05 16:24:13.769510",
   "modified_by": "Administrator",
   "module": null,
   "name": "Item-custom_column_break_8vsmh",
   "no_copy": 0,
   "non_negative": 0,
   "options": null,
   "owner": "Administrator",
   "permlevel": 0,
   "placeholder": null,
   "precision": "",
   "print_hide": 0,
   "print_hide_if_no_value": 0,
   "print_width": null,
   "read_only": 0,
   "read_only_depends_on": null,
   "report_hide": 0,
   "reqd": 0,
   "search_index": 0,
   "show_dashboard": 0,
   "sort_options": 0,
   "translatable": 0,
   "unique": 0,
   "width": null
  },
  {
   "_assign": null,
   "_comments": null,
   "_liked_by": null,
   "_user_tags": null,
   "allow_in_quick_entry": 0,
   "allow_on_submit": 0,
   "bold": 0,
   "collapsible": 0,
   "collapsible_depends_on": null,
   "columns": 0,
   "creation": "2025-03-11 16:55:12.050156",
   "default": null,
   "depends_on": null,
   "description": null,
   "docstatus": 0,
   "dt": "Item",
   "fetch_from": null,
   "fetch_if_empty": 0,
   "fieldname": "custom_column_break_bp3kn",
   "fieldtype": "Column Break",
   "hidden": 0,
   "hide_border": 0,
   "hide_days": 0,
   "hide_seconds": 0,
   "idx": 58,
   "ignore_user_permissions": 0,
   "ignore_xss_filter": 0,
   "in_global_search": 0,
   "in_list_view": 0,
   "in_preview": 0,
   "in_standard_filter": 0,
   "insert_after": "custom_attach_360_image_7",
   "is_system_generated": 0,
   "is_virtual": 0,
   "label": "",
   "length": 0,
   "link_filters": null,
   "mandatory_depends_on": null,
   "modified": "2025-03-11 16:55:12.050156",
   "modified_by": "Administrator",
   "module": null,
   "name": "Item-custom_column_break_bp3kn",
   "no_copy": 0,
   "non_negative": 0,
   "options": null,
   "owner": "Administrator",
   "permlevel": 0,
   "placeholder": null,
   "precision": "",
   "print_hide": 0,
   "print_hide_if_no_value": 0,
   "print_width": null,
   "read_only": 0,
   "read_only_depends_on": null,
   "report_hide": 0,
   "reqd": 0,
   "search_index": 0,
   "show_dashboard": 0,
   "sort_options": 0,
   "translatable": 0,
   "unique": 0,
   "width": null
  },
  {
   "_assign": null,
   "_comments": null,
   "_liked_by": null,
   "_user_tags": null,
   "allow_in_quick_entry": 0,
   "allow_on_submit": 0,
   "bold": 0,
   "collapsible": 0,
   "collapsible_depends_on": null,
   "columns": 0,
   "creation": "2025-03-05 17:06:46.629171",
   "default": null,
   "depends_on": null,
   "description": null,
   "docstatus": 0,
   "dt": "Item",
   "fetch_from": null,
   "fetch_if_empty": 0,
   "fieldname": "custom_column_break_gd0v2",
   "fieldtype": "Column Break",
   "hidden": 0,
   "hide_border": 0,
   "hide_days": 0,
   "hide_seconds": 0,
   "idx": 37,
   "ignore_user_permissions": 0,
   "ignore_xss_filter": 0,
   "in_global_search": 0,
   "in_list_view": 0,
   "in_preview": 0,
   "in_standard_filter": 0,
   "insert_after": "custom_attach_image_3",
   "is_system_generated": 0,
   "is_virtual": 0,
   "label": "",
   "length": 0,
   "link_filters": null,
   "mandatory_depends_on": null,
   "modified": "2025-03-05 17:06:46.629171",
   "modified_by": "Administrator",
   "module": null,
   "name": "Item-custom_column_break_gd0v2",
   "no_copy": 0,
   "non_negative": 0,
   "options": null,
   "owner": "Administrator",
   "permlevel": 0,
   "placeholder": null,
   "precision": "",
   "print_hide": 0,
   "print_hide_if_no_value": 0,
   "print_width": null,
   "read_only": 0,
   "read_only_depends_on": null,
   "report_hide": 0,
   "reqd": 0,
   "search_index": 0,
   "show_dashboard": 0,
   "sort_options": 0,
   "translatable": 0,
   "unique": 0,
   "width": null
  },
  {
   "_assign": null,
   "_comments": null,
   "_liked_by": null,
   "_user_tags": null,
   "allow_in_quick_entry": 0,
   "allow_on_submit": 0,
   "bold": 0,
   "collapsible": 0,
   "collapsible_depends_on": null,
   "columns": 0,
   "creation": "2025-03-11 16:55:11.712207",
   "default": null,
   "depends_on": null,
   "description": null,
   "docstatus": 0,
   "dt": "Item",
   "fetch_from": null,
   "fetch_if_empty": 0,
   "fieldname": "custom_column_break_lnqmc",
   "fieldtype": "Column Break",
   "hidden": 0,
   "hide_border": 0,
   "hide_days": 0,
   "hide_seconds": 0,
   "idx": 53,
   "ignore_user_permissions": 0,
   "ignore_xss_filter": 0,
   "in_global_search": 0,
   "in_list_view": 0,
   "in_preview": 0,
   "in_standard_filter": 0,
   "insert_after": "custom_attach_360_image_6",
   "is_system_generated": 0,
   "is_virtual": 0,
   "label": "",
   "length": 0,
   "link_filters": null,
   "mandatory_depends_on": null,
   "modified": "2025-03-11 16:55:11.712207",
   "modified_by": "Administrator",
   "module": null,
   "name": "Item-custom_column_break_lnqmc",
   "no_copy": 0,
   "non_negative": 0,
   "options": null,
   "owner": "Administrator",
   "permlevel": 0,
   "placeholder": null,
   "precision": "",
   "print_hide": 0,
   "print_hide_if_no_value": 0,
   "print_width": null,
   "read_only": 0,
   "read_only_depends_on": null,
   "report_hide": 0,
   "reqd": 0,
   "search_index": 0,
   "show_dashboard": 0,
   "sort_options": 0,
   "translatable": 0,
   "unique": 0,
   "width": null
  },
  {
   "_assign": null,
   "_comments": null,
   "_liked_by": null,
   "_user_tags": null,
   "allow_in_quick_entry": 0,
   "allow_on_submit": 0,
   "bold": 0,
   "collapsible": 0,
   "collapsible_depends_on": null,
   "columns": 0,
   "creation": "2025-03-05 17:06:47.455231",
   "default": null,
   "depends_on": null,
   "description": null,
   "docstatus": 0,
   "dt": "Item",
   "fetch_from": null,
   "fetch_if_empty": 0,
   "fieldname": "custom_column_break_swymb",
   "fieldtype": "Column Break",
   "hidden": 0,
   "hide_border": 0,
   "hide_days": 0,
   "hide_seconds": 0,
   "idx": 40,
   "ignore_user_permissions": 0,
   "ignore_xss_filter": 0,
   "in_global_search": 0,
   "in_list_view": 0,
   "in_preview": 0,
   "in_standard_filter": 0,
   "insert_after": "custom_attach_image_4",
   "is_system_generated": 0,
   "is_virtual": 0,
   "label": "",
   "length": 0,
   "link_filters": null,
   "mandatory_depends_on": null,
   "modified": "2025-03-05 17:06:47.455231",
   "modified_by": "Administrator",
   "module": null,
   "name": "Item-custom_column_break_swymb",
   "no_copy": 0,
   "non_negative": 0,
   "options": null,
   "owner": "Administrator",
   "permlevel": 0,
   "placeholder": null,
   "precision": "",
   "print_hide": 0,
   "print_hide_if_no_value": 0,
   "print_width": null,
   "read_only": 0,
   "read_only_depends_on": null,
   "report_hide": 0,
   "reqd": 0,
   "search_index": 0,
   "show_dashboard": 0,
   "sort_options": 0,
   "translatable": 0,
   "unique": 0,
   "width": null
  },
  {
   "_assign": null,
   "_comments": null,
   "_liked_by": null,
   "_user_tags": null,
   "allow_in_quick_entry": 0,
   "allow_on_submit": 0,
   "bold": 0,
   "collapsible": 0,
   "collapsible_depends_on": null,
   "columns": 0,
   "creation": "2025-03-11 16:55:11.381069",
   "default": null,
   "depends_on": null,
   "description": null,
   "docstatus": 0,
   "dt": "Item",
   "fetch_from": null,
   "fetch_if_empty": 0,
   "fieldname": "custom_column_break_tmqvo",
   "fieldtype": "Column Break",
   "hidden": 0,
   "hide_border": 0,
   "hide_days": 0,
   "hide_seconds": 0,
   "idx": 48,
   "ignore_user_permissions": 0,
   "ignore_xss_filter": 0,
   "in_global_search": 0,
   "in_list_view": 0,
   "in_preview": 0,
   "in_standard_filter": 0,
   "insert_after": "custom_attach_360_image_5",
   "is_system_generated": 0,
   "is_virtual": 0,
   "label": "",
   "length": 0,
   "link_filters": null,
   "mandatory_depends_on": null,
   "modified": "2025-03-11 16:55:11.381069",
   "modified_by": "Administrator",
   "module": null,
   "name": "Item-custom_column_break_tmqvo",
   "no_copy": 0,
   "non_negative": 0,
   "options": null,
   "owner": "Administrator",
   "permlevel": 0,
   "placeholder": null,
   "precision": "",
   "print_hide": 0,
   "print_hide_if_no_value": 0,
   "print_width": null,
   "read_only": 0,
   "read_only_depends_on": null,
   "report_hide": 0,
   "reqd": 0,
   "search_index": 0,
   "show_dashboard": 0,
   "sort_options": 0,
   "translatable": 0,
   "unique": 0,
   "width": null
  },
  {
   "_assign": null,
   "_comments": null,
   "_liked_by": null,
   "_user_tags": null,
   "allow_in_quick_entry": 0,
   "allow_on_submit": 0,
   "bold": 0,
   "collapsible": 1,
   "collapsible_depends_on": null,
   "columns": 0,
   "creation": "2025-03-05 16:08:47.916515",
   "default": null,
   "depends_on": null,
   "description": null,
   "docstatus": 0,
   "dt": "Item",
   "fetch_from": null,
   "fetch_if_empty": 0,
   "fieldname": "custom_gallery",
   "fieldtype": "Section Break",
   "hidden": 0,
   "hide_border": 0,
   "hide_days": 0,
   "hide_seconds": 0,
   "idx": 28,
   "ignore_user_permissions": 0,
   "ignore_xss_filter": 0,
   "in_global_search": 0,
   "in_list_view": 0,
   "in_preview": 0,
   "in_standard_filter": 0,
   "insert_after": "custom_video",
   "is_system_generated": 0,
   "is_virtual": 0,
   "label": "Gallery",
   "length": 0,
   "link_filters": null,
   "mandatory_depends_on": null,
   "modified": "2025-03-05 16:08:47.916515",
   "modified_by": "Administrator",
   "module": null,
   "name": "Item-custom_gallery",
   "no_copy": 0,
   "non_negative": 0,
   "options": null,
   "owner": "Administrator",
   "permlevel": 0,
   "placeholder": null,
   "precision": "",
   "print_hide": 0,
   "print_hide_if_no_value": 0,
   "print_width": null,
   "read_only": 0,
   "read_only_depends_on": null,
   "report_hide": 0,
   "reqd": 0,
   "search_index": 0,
   "show_dashboard": 0,
   "sort_options": 0,
   "translatable": 0,
   "unique": 0,
   "width": null
  },
  {
   "_assign": null,
   "_comments": null,
   "_liked_by": null,
   "_user_tags": null,
   "allow_in_quick_entry": 0,
   "allow_on_submit": 0,
   "bold": 0,
   "collapsible": 0,
   "collapsible_depends_on": null,
   "columns": 0,
   "creation": "2025-03-29 02:30:50.247635",
   "default": "0",
   "depends_on": null,
   "description": null,
   "docstatus": 0,
   "dt": "Item",
   "fetch_from": null,
   "fetch_if_empty": 0,
   "fieldname": "custom_has_sync_to_other_platform",
   "fieldtype": "Check",
   "hidden": 0,
   "hide_border": 0,
   "hide_days": 0,
   "hide_seconds": 0,
   "idx": 10,
   "ignore_user_permissions": 0,
   "ignore_xss_filter": 0,
   "in_global_search": 0,
   "in_list_view": 1,
   "in_preview": 0,
   "in_standard_filter": 0,
   "insert_after": "custom_marketplace_source",
   "is_system_generated": 0,
   "is_virtual": 0,
   "label": "Has Sync To Other Platform",
   "length": 0,
   "link_filters": null,
   "mandatory_depends_on": null,
   "modified": "2025-03-29 02:30:50.247635",
   "modified_by": "Administrator",
   "module": null,
   "name": "Item-custom_has_sync_to_other_platform",
   "no_copy": 0,
   "non_negative": 0,
   "options": null,
   "owner": "Administrator",
   "permlevel": 0,
   "placeholder": null,
   "precision": "",
   "print_hide": 0,
   "print_hide_if_no_value": 0,
   "print_width": null,
   "read_only": 0,
   "read_only_depends_on": null,
   "report_hide": 0,
   "reqd": 0,
   "search_index": 0,
   "show_dashboard": 0,
   "sort_options": 0,
   "translatable": 0,
   "unique": 0,
   "width": null
  },
  {
   "_assign": null,
   "_comments": null,
   "_liked_by": null,
   "_user_tags": null,
   "allow_in_quick_entry": 0,
   "allow_on_submit": 0,
   "bold": 0,
   "collapsible": 0,
   "collapsible_depends_on": null,
   "columns": 0,
   "creation": "2025-03-05 16:08:48.161244",
   "default": null,
   "depends_on": null,
   "description": null,
   "docstatus": 0,
   "dt": "Item",
   "fetch_from": null,
   "fetch_if_empty": 0,
   "fieldname": "custom_image_item_1",
   "fieldtype": "Image",
   "hidden": 0,
   "hide_border": 0,
   "hide_days": 0,
   "hide_seconds": 0,
   "idx": 29,
   "ignore_user_permissions": 0,
   "ignore_xss_filter": 0,
   "in_global_search": 0,
   "in_list_view": 0,
   "in_preview": 0,
   "in_standard_filter": 0,
   "insert_after": "custom_gallery",
   "is_system_generated": 0,
   "is_virtual": 0,
   "label": "Image Item 1",
   "length": 0,
   "link_filters": null,
   "mandatory_depends_on": null,
   "modified": "2025-03-05 16:08:48.161244",
   "modified_by": "Administrator",
   "module": null,
   "name": "Item-custom_image_item_1",
   "no_copy": 0,
   "non_negative": 0,
   "options": "custom_attach_image",
   "owner": "Administrator",
   "permlevel": 0,
   "placeholder": null,
   "precision": "",
   "print_hide": 0,
   "print_hide_if_no_value": 0,
   "print_width": null,
   "read_only": 0,
   "read_only_depends_on": null,
   "report_hide": 0,
   "reqd": 0,
   "search_index": 0,
   "show_dashboard": 0,
   "sort_options": 0,
   "translatable": 0,
   "unique": 0,
   "width": ""
  },
  {
   "_assign": null,
   "_comments": null,
   "_liked_by": null,
   "_user_tags": null,
   "allow_in_quick_entry": 0,
   "allow_on_submit": 0,
   "bold": 0,
   "collapsible": 0,
   "collapsible_depends_on": null,
   "columns": 0,
   "creation": "2025-03-05 16:24:14.067896",
   "default": null,
   "depends_on": null,
   "description": null,
   "docstatus": 0,
   "dt": "Item",
   "fetch_from": null,
   "fetch_if_empty": 0,
   "fieldname": "custom_image_item_2",
   "fieldtype": "Image",
   "hidden": 0,
   "hide_border": 0,
   "hide_days": 0,
   "hide_seconds": 0,
   "idx": 32,
   "ignore_user_permissions": 0,
   "ignore_xss_filter": 0,
   "in_global_search": 0,
   "in_list_view": 0,
   "in_preview": 0,
   "in_standard_filter": 0,
   "insert_after": "custom_column_break_8vsmh",
   "is_system_generated": 0,
   "is_virtual": 0,
   "label": "Image Item 2",
   "length": 0,
   "link_filters": null,
   "mandatory_depends_on": null,
   "modified": "2025-03-05 16:24:14.067896",
   "modified_by": "Administrator",
   "module": null,
   "name": "Item-custom_image_item_2",
   "no_copy": 0,
   "non_negative": 0,
   "options": "custom_attach_image_2",
   "owner": "Administrator",
   "permlevel": 0,
   "placeholder": null,
   "precision": "",
   "print_hide": 0,
   "print_hide_if_no_value": 0,
   "print_width": null,
   "read_only": 0,
   "read_only_depends_on": null,
   "report_hide": 0,
   "reqd": 0,
   "search_index": 0,
   "show_dashboard": 0,
   "sort_options": 0,
   "translatable": 0,
   "unique": 0,
   "width": ""
  },
  {
   "_assign": null,
   "_comments": null,
   "_liked_by": null,
   "_user_tags": null,
   "allow_in_quick_entry": 0,
   "allow_on_submit": 0,
   "bold": 0,
   "collapsible": 0,
   "collapsible_depends_on": null,
   "columns": 0,
   "creation": "2025-03-05 16:27:26.789000",
   "default": null,
   "depends_on": null,
   "description": null,
   "docstatus": 0,
   "dt": "Item",
   "fetch_from": null,
   "fetch_if_empty": 0,
   "fieldname": "custom_image_item_3",
   "fieldtype": "Image",
   "hidden": 0,
   "hide_border": 0,
   "hide_days": 0,
   "hide_seconds": 0,
   "idx": 35,
   "ignore_user_permissions": 0,
   "ignore_xss_filter": 0,
   "in_global_search": 0,
   "in_list_view": 0,
   "in_preview": 0,
   "in_standard_filter": 0,
   "insert_after": "custom_column_break_0pcmh",
   "is_system_generated": 0,
   "is_virtual": 0,
   "label": "Image Item 3",
   "length": 0,
   "link_filters": null,
   "mandatory_depends_on": null,
   "modified": "2025-03-05 16:27:26.789000",
   "modified_by": "Administrator",
   "module": null,
   "name": "Item-custom_image_item_3",
   "no_copy": 0,
   "non_negative": 0,
   "options": "custom_attach_image_3",
   "owner": "Administrator",
   "permlevel": 0,
   "placeholder": null,
   "precision": "",
   "print_hide": 0,
   "print_hide_if_no_value": 0,
   "print_width": null,
   "read_only": 0,
   "read_only_depends_on": null,
   "report_hide": 0,
   "reqd": 0,
   "search_index": 0,
   "show_dashboard": 0,
   "sort_options": 0,
   "translatable": 0,
   "unique": 0,
   "width": ""
  },
  {
   "_assign": null,
   "_comments": null,
   "_liked_by": null,
   "_user_tags": null,
   "allow_in_quick_entry": 0,
   "allow_on_submit": 0,
   "bold": 0,
   "collapsible": 0,
   "collapsible_depends_on": null,
   "columns": 0,
   "creation": "2025-03-05 17:06:46.948528",
   "default": null,
   "depends_on": null,
   "description": null,
   "docstatus": 0,
   "dt": "Item",
   "fetch_from": null,
   "fetch_if_empty": 0,
   "fieldname": "custom_image_item_4",
   "fieldtype": "Image",
   "hidden": 0,
   "hide_border": 0,
   "hide_days": 0,
   "hide_seconds": 0,
   "idx": 38,
   "ignore_user_permissions": 0,
   "ignore_xss_filter": 0,
   "in_global_search": 0,
   "in_list_view": 0,
   "in_preview": 0,
   "in_standard_filter": 0,
   "insert_after": "custom_column_break_gd0v2",
   "is_system_generated": 0,
   "is_virtual": 0,
   "label": "Image Item 4",
   "length": 0,
   "link_filters": null,
   "mandatory_depends_on": null,
   "modified": "2025-03-05 17:06:46.948528",
   "modified_by": "Administrator",
   "module": null,
   "name": "Item-custom_image_item_4",
   "no_copy": 0,
   "non_negative": 0,
   "options": "custom_attach_image_4",
   "owner": "Administrator",
   "permlevel": 0,
   "placeholder": null,
   "precision": "",
   "print_hide": 0,
   "print_hide_if_no_value": 0,
   "print_width": null,
   "read_only": 0,
   "read_only_depends_on": null,
   "report_hide": 0,
   "reqd": 0,
   "search_index": 0,
   "show_dashboard": 0,
   "sort_options": 0,
   "translatable": 0,
   "unique": 0,
   "width": null
  },
  {
   "_assign": null,
   "_comments": null,
   "_liked_by": null,
   "_user_tags": null,
   "allow_in_quick_entry": 0,
   "allow_on_submit": 0,
   "bold": 0,
   "collapsible": 0,
   "collapsible_depends_on": null,
   "columns": 0,
   "creation": "2025-03-05 17:06:47.777914",
   "default": null,
   "depends_on": null,
   "description": null,
   "docstatus": 0,
   "dt": "Item",
   "fetch_from": null,
   "fetch_if_empty": 0,
   "fieldname": "custom_image_item_5",
   "fieldtype": "Image",
   "hidden": 0,
   "hide_border": 0,
   "hide_days": 0,
   "hide_seconds": 0,
   "idx": 41,
   "ignore_user_permissions": 0,
   "ignore_xss_filter": 0,
   "in_global_search": 0,
   "in_list_view": 0,
   "in_preview": 0,
   "in_standard_filter": 0,
   "insert_after": "custom_column_break_swymb",
   "is_system_generated": 0,
   "is_virtual": 0,
   "label": "Image Item 5",
   "length": 0,
   "link_filters": null,
   "mandatory_depends_on": null,
   "modified": "2025-03-05 17:06:47.777914",
   "modified_by": "Administrator",
   "module": null,
   "name": "Item-custom_image_item_5",
   "no_copy": 0,
   "non_negative": 0,
   "options": "custom_attach_image_5",
   "owner": "Administrator",
   "permlevel": 0,
   "placeholder": null,
   "precision": "",
   "print_hide": 0,
   "print_hide_if_no_value": 0,
   "print_width": null,
   "read_only": 0,
   "read_only_depends_on": null,
   "report_hide": 0,
   "reqd": 0,
   "search_index": 0,
   "show_dashboard": 0,
   "sort_options": 0,
   "translatable": 0,
   "unique": 0,
   "width": null
  },
  {
   "_assign": null,
   "_comments": null,
   "_liked_by": null,
   "_user_tags": null,
   "allow_in_quick_entry": 0,
   "allow_on_submit": 0,
   "bold": 0,
   "collapsible": 0,
   "collapsible_depends_on": null,
   "columns": 0,
   "creation": "2025-04-04 06:33:20.991291",
   "default": null,
   "depends_on": null,
   "description": null,
   "docstatus": 0,
   "dt": "Item",
   "fetch_from": null,
   "fetch_if_empty": 0,
   "fieldname": "custom_item_specification",
   "fieldtype": "Table",
   "hidden": 0,
   "hide_border": 0,
   "hide_days": 0,
   "hide_seconds": 0,
   "idx": 62,
   "ignore_user_permissions": 0,
   "ignore_xss_filter": 0,
   "in_global_search": 0,
   "in_list_view": 0,
   "in_preview": 0,
   "in_standard_filter": 0,
   "insert_after": "custom_specification_template",
   "is_system_generated": 1,
   "is_virtual": 0,
   "label": "Item Specification",
   "length": 0,
   "link_filters": null,
   "mandatory_depends_on": null,
   "modified": "2025-04-04 06:33:20.991291",
   "modified_by": "Administrator",
   "module": null,
   "name": "Item-custom_item_specification",
   "no_copy": 0,
   "non_negative": 0,
   "options": "Item Specification",
   "owner": "Administrator",
   "permlevel": 0,
   "placeholder": null,
   "precision": "",
   "print_hide": 0,
   "print_hide_if_no_value": 0,
   "print_width": null,
   "read_only": 0,
   "read_only_depends_on": null,
   "report_hide": 0,
   "reqd": 0,
   "search_index": 0,
   "show_dashboard": 0,
   "sort_options": 0,
   "translatable": 0,
   "unique": 0,
   "width": null
  },
  {
   "_assign": null,
   "_comments": null,
   "_liked_by": null,
   "_user_tags": null,
   "allow_in_quick_entry": 0,
   "allow_on_submit": 0,
   "bold": 0,
   "collapsible": 0,
   "collapsible_depends_on": null,
   "columns": 0,
   "creation": "2025-04-08 00:45:48.934136",
   "default": null,
   "depends_on": null,
   "description": null,
   "docstatus": 0,
   "dt": "Item",
   "fetch_from": null,
   "fetch_if_empty": 0,
   "fieldname": "custom_marketplace_item_mapping",
   "fieldtype": "Table",
   "hidden": 0,
   "hide_border": 0,
   "hide_days": 0,
   "hide_seconds": 0,
   "idx": 106,
   "ignore_user_permissions": 0,
   "ignore_xss_filter": 0,
   "in_global_search": 0,
   "in_list_view": 0,
   "in_preview": 0,
   "in_standard_filter": 0,
   "insert_after": "custom_marketplace_variant",
   "is_system_generated": 0,
   "is_virtual": 0,
   "label": "Marketplace Item Mapping",
   "length": 0,
   "link_filters": null,
   "mandatory_depends_on": null,
   "modified": "2025-04-08 00:45:48.934136",
   "modified_by": "Administrator",
   "module": null,
   "name": "Item-custom_marketplace_item_mapping",
   "no_copy": 0,
   "non_negative": 0,
   "options": "Marketplace Item Mapping",
   "owner": "Administrator",
   "permlevel": 0,
   "placeholder": null,
   "precision": "",
   "print_hide": 0,
   "print_hide_if_no_value": 0,
   "print_width": null,
   "read_only": 0,
   "read_only_depends_on": null,
   "report_hide": 0,
   "reqd": 0,
   "search_index": 0,
   "show_dashboard": 0,
   "sort_options": 0,
   "translatable": 0,
   "unique": 0,
   "width": null
  },
  {
   "_assign": null,
   "_comments": null,
   "_liked_by": null,
   "_user_tags": null,
   "allow_in_quick_entry": 0,
   "allow_on_submit": 0,
   "bold": 0,
   "collapsible": 0,
   "collapsible_depends_on": null,
   "columns": 0,
   "creation": "2025-04-21 07:27:25.919932",
   "default": "ERPNext",
   "depends_on": null,
   "description": null,
   "docstatus": 0,
   "dt": "Item",
   "fetch_from": null,
   "fetch_if_empty": 0,
   "fieldname": "custom_marketplace_source",
   "fieldtype": "Data",
   "hidden": 0,
   "hide_border": 0,
   "hide_days": 0,
   "hide_seconds": 0,
   "idx": 9,
   "ignore_user_permissions": 0,
   "ignore_xss_filter": 0,
   "in_global_search": 0,
   "in_list_view": 1,
   "in_preview": 0,
   "in_standard_filter": 1,
   "insert_after": "custom_parent_item",
   "is_system_generated": 0,
   "is_virtual": 0,
   "label": "Marketplace Source",
   "length": 0,
   "link_filters": null,
   "mandatory_depends_on": null,
   "modified": "2025-04-21 07:27:25.919932",
   "modified_by": "Administrator",
   "module": null,
   "name": "Item-custom_marketplace_source",
   "no_copy": 0,
   "non_negative": 0,
   "options": "",
   "owner": "Administrator",
   "permlevel": 0,
   "placeholder": null,
   "precision": "",
   "print_hide": 0,
   "print_hide_if_no_value": 0,
   "print_width": null,
   "read_only": 1,
   "read_only_depends_on": null,
   "report_hide": 0,
   "reqd": 0,
   "search_index": 0,
   "show_dashboard": 0,
   "sort_options": 0,
   "translatable": 1,
   "unique": 0,
   "width": null
  },
  {
   "_assign": null,
   "_comments": null,
   "_liked_by": null,
   "_user_tags": null,
   "allow_in_quick_entry": 0,
   "allow_on_submit": 0,
   "bold": 0,
   "collapsible": 0,
   "collapsible_depends_on": null,
   "columns": 0,
   "creation": "2025-03-31 02:49:43.290535",
   "default": null,
   "depends_on": null,
   "description": null,
   "docstatus": 0,
   "dt": "Item",
   "fetch_from": null,
   "fetch_if_empty": 0,
   "fieldname": "custom_marketplace_variant",
   "fieldtype": "Table",
   "hidden": 0,
   "hide_border": 0,
   "hide_days": 0,
   "hide_seconds": 0,
   "idx": 105,
   "ignore_user_permissions": 0,
   "ignore_xss_filter": 0,
   "in_global_search": 0,
   "in_list_view": 0,
   "in_preview": 0,
   "in_standard_filter": 0,
   "insert_after": "custom_sync_to_other_platform",
   "is_system_generated": 0,
   "is_virtual": 0,
   "label": "Marketplace Variant",
   "length": 0,
   "link_filters": null,
   "mandatory_depends_on": null,
   "modified": "2025-03-31 02:49:43.290535",
   "modified_by": "Administrator",
   "module": null,
   "name": "Item-custom_marketplace_variant",
   "no_copy": 0,
   "non_negative": 0,
   "options": "Item Category Variant",
   "owner": "Administrator",
   "permlevel": 0,
   "placeholder": null,
   "precision": "",
   "print_hide": 0,
   "print_hide_if_no_value": 0,
   "print_width": null,
   "read_only": 0,
   "read_only_depends_on": null,
   "report_hide": 0,
   "reqd": 0,
   "search_index": 0,
   "show_dashboard": 0,
   "sort_options": 0,
   "translatable": 0,
   "unique": 0,
   "width": null
  },
  {
   "_assign": null,
   "_comments": null,
   "_liked_by": null,
   "_user_tags": null,
   "allow_in_quick_entry": 0,
   "allow_on_submit": 0,
   "bold": 0,
   "collapsible": 0,
   "collapsible_depends_on": null,
   "columns": 0,
   "creation": "2025-02-15 09:26:22.768869",
   "default": null,
   "depends_on": null,
   "description": null,
   "docstatus": 0,
   "dt": "Item",
   "fetch_from": null,
   "fetch_if_empty": 0,
   "fieldname": "custom_page_type",
   "fieldtype": "Data",
   "hidden": 1,
   "hide_border": 0,
   "hide_days": 0,
   "hide_seconds": 0,
   "idx": 72,
   "ignore_user_permissions": 0,
   "ignore_xss_filter": 0,
   "in_global_search": 0,
   "in_list_view": 0,
   "in_preview": 0,
   "in_standard_filter": 0,
   "insert_after": "custom_barcode_data",
   "is_system_generated": 0,
   "is_virtual": 0,
   "label": "Page Type",
   "length": 0,
   "link_filters": null,
   "mandatory_depends_on": null,
   "modified": "2025-02-15 09:26:22.768869",
   "modified_by": "Administrator",
   "module": null,
   "name": "Item-custom_page_type",
   "no_copy": 1,
   "non_negative": 0,
   "options": null,
   "owner": "Administrator",
   "permlevel": 0,
   "placeholder": null,
   "precision": "",
   "print_hide": 0,
   "print_hide_if_no_value": 0,
   "print_width": null,
   "read_only": 0,
   "read_only_depends_on": null,
   "report_hide": 0,
   "reqd": 0,
   "search_index": 0,
   "show_dashboard": 0,
   "sort_options": 0,
   "translatable": 0,
   "unique": 0,
   "width": null
  },
  {
   "_assign": null,
   "_comments": null,
   "_liked_by": null,
   "_user_tags": null,
   "allow_in_quick_entry": 0,
   "allow_on_submit": 0,
   "bold": 0,
   "collapsible": 0,
   "collapsible_depends_on": null,
   "columns": 0,
   "creation": "2025-04-24 14:38:50.797557",
   "default": null,
   "depends_on": null,
   "description": null,
   "docstatus": 0,
   "dt": "Item",
   "fetch_from": null,
   "fetch_if_empty": 0,
   "fieldname": "custom_parent_item",
   "fieldtype": "Link",
   "hidden": 0,
   "hide_border": 0,
   "hide_days": 0,
   "hide_seconds": 0,
   "idx": 8,
   "ignore_user_permissions": 0,
   "ignore_xss_filter": 0,
   "in_global_search": 0,
   "in_list_view": 0,
   "in_preview": 0,
   "in_standard_filter": 0,
   "insert_after": "column_break0",
   "is_system_generated": 0,
   "is_virtual": 0,
   "label": "Parent Item",
   "length": 0,
   "link_filters": null,
   "mandatory_depends_on": null,
   "modified": "2025-04-24 14:38:50.797557",
   "modified_by": "Administrator",
   "module": null,
   "name": "Item-custom_parent_item",
   "no_copy": 0,
   "non_negative": 0,
   "options": "Item",
   "owner": "Administrator",
   "permlevel": 0,
   "placeholder": null,
   "precision": "",
   "print_hide": 0,
   "print_hide_if_no_value": 0,
   "print_width": null,
   "read_only": 0,
   "read_only_depends_on": null,
   "report_hide": 0,
   "reqd": 0,
   "search_index": 0,
   "show_dashboard": 0,
   "sort_options": 0,
   "translatable": 0,
   "unique": 0,
   "width": null
  },
  {
   "_assign": null,
   "_comments": null,
   "_liked_by": null,
   "_user_tags": null,
   "allow_in_quick_entry": 0,
   "allow_on_submit": 0,
   "bold": 0,
   "collapsible": 1,
   "collapsible_depends_on": null,
   "columns": 0,
   "creation": "2025-03-07 13:54:53.608765",
   "default": null,
   "depends_on": null,
   "description": null,
   "docstatus": 0,
   "dt": "Item",
   "fetch_from": null,
   "fetch_if_empty": 0,
   "fieldname": "custom_review_item",
   "fieldtype": "Section Break",
   "hidden": 0,
   "hide_border": 0,
   "hide_days": 0,
   "hide_seconds": 0,
   "idx": 26,
   "ignore_user_permissions": 0,
   "ignore_xss_filter": 0,
   "in_global_search": 0,
   "in_list_view": 0,
   "in_preview": 0,
   "in_standard_filter": 0,
   "insert_after": "image",
   "is_system_generated": 0,
   "is_virtual": 0,
   "label": "Review Item",
   "length": 0,
   "link_filters": null,
   "mandatory_depends_on": null,
   "modified": "2025-03-07 13:54:53.608765",
   "modified_by": "Administrator",
   "module": null,
   "name": "Item-custom_review_item",
   "no_copy": 0,
   "non_negative": 0,
   "options": null,
   "owner": "Administrator",
   "permlevel": 0,
   "placeholder": null,
   "precision": "",
   "print_hide": 0,
   "print_hide_if_no_value": 0,
   "print_width": null,
   "read_only": 0,
   "read_only_depends_on": null,
   "report_hide": 0,
   "reqd": 0,
   "search_index": 0,
   "show_dashboard": 0,
   "sort_options": 0,
   "translatable": 0,
   "unique": 0,
   "width": null
  },
  {
   "_assign": null,
   "_comments": null,
   "_liked_by": null,
   "_user_tags": null,
   "allow_in_quick_entry": 0,
   "allow_on_submit": 0,
   "bold": 0,
   "collapsible": 0,
   "collapsible_depends_on": null,
   "columns": 0,
   "creation": "2025-03-05 21:35:52.437934",
   "default": null,
   "depends_on": null,
   "description": null,
   "docstatus": 0,
   "dt": "Item",
   "fetch_from": null,
   "fetch_if_empty": 0,
   "fieldname": "custom_specification",
   "fieldtype": "Section Break",
   "hidden": 0,
   "hide_border": 0,
   "hide_days": 0,
   "hide_seconds": 0,
   "idx": 63,
   "ignore_user_permissions": 0,
   "ignore_xss_filter": 0,
   "in_global_search": 0,
   "in_list_view": 0,
   "in_preview": 0,
   "in_standard_filter": 0,
   "insert_after": "custom_attach_360_image_8",
   "is_system_generated": 0,
   "is_virtual": 0,
   "label": "Specification",
   "length": 0,
   "link_filters": null,
   "mandatory_depends_on": null,
   "modified": "2025-03-05 21:35:52.437934",
   "modified_by": "Administrator",
   "module": null,
   "name": "Item-custom_specification",
   "no_copy": 0,
   "non_negative": 0,
   "options": null,
   "owner": "Administrator",
   "permlevel": 0,
   "placeholder": null,
   "precision": "",
   "print_hide": 0,
   "print_hide_if_no_value": 0,
   "print_width": null,
   "read_only": 0,
   "read_only_depends_on": null,
   "report_hide": 0,
   "reqd": 0,
   "search_index": 0,
   "show_dashboard": 0,
   "sort_options": 0,
   "translatable": 0,
   "unique": 0,
   "width": null
  },
  {
   "_assign": null,
   "_comments": null,
   "_liked_by": null,
   "_user_tags": null,
   "allow_in_quick_entry": 0,
   "allow_on_submit": 0,
   "bold": 0,
   "collapsible": 0,
   "collapsible_depends_on": null,
   "columns": 0,
   "creation": "2025-04-04 06:33:20.783975",
   "default": null,
   "depends_on": null,
   "description": null,
   "docstatus": 0,
   "dt": "Item",
   "fetch_from": null,
   "fetch_if_empty": 0,
   "fieldname": "custom_specification_template",
   "fieldtype": "Link",
   "hidden": 0,
   "hide_border": 0,
   "hide_days": 0,
   "hide_seconds": 0,
   "idx": 61,
   "ignore_user_permissions": 0,
   "ignore_xss_filter": 0,
   "in_global_search": 0,
   "in_list_view": 0,
   "in_preview": 0,
   "in_standard_filter": 0,
   "insert_after": "custom_specification",
   "is_system_generated": 1,
   "is_virtual": 0,
   "label": "Specification Template",
   "length": 0,
   "link_filters": null,
   "mandatory_depends_on": null,
   "modified": "2025-04-04 06:33:20.783975",
   "modified_by": "Administrator",
   "module": null,
   "name": "Item-custom_specification_template",
   "no_copy": 0,
   "non_negative": 0,
   "options": "Specification Template",
   "owner": "Administrator",
   "permlevel": 0,
   "placeholder": null,
   "precision": "",
   "print_hide": 0,
   "print_hide_if_no_value": 0,
   "print_width": null,
   "read_only": 0,
   "read_only_depends_on": null,
   "report_hide": 0,
   "reqd": 0,
   "search_index": 0,
   "show_dashboard": 0,
   "sort_options": 0,
   "translatable": 0,
   "unique": 0,
   "width": null
  },
  {
   "_assign": null,
   "_comments": null,
   "_liked_by": null,
   "_user_tags": null,
   "allow_in_quick_entry": 0,
   "allow_on_submit": 0,
   "bold": 0,
   "collapsible": 0,
   "collapsible_depends_on": null,
   "columns": 0,
   "creation": "2025-03-29 02:39:30.724075",
   "default": null,
   "depends_on": null,
   "description": null,
   "docstatus": 0,
   "dt": "Item",
   "fetch_from": null,
   "fetch_if_empty": 0,
   "fieldname": "custom_sync_to_other_platform",
   "fieldtype": "Tab Break",
   "hidden": 0,
   "hide_border": 0,
   "hide_days": 0,
   "hide_seconds": 0,
   "idx": 104,
   "ignore_user_permissions": 0,
   "ignore_xss_filter": 0,
   "in_global_search": 0,
   "in_list_view": 0,
   "in_preview": 0,
   "in_standard_filter": 0,
   "insert_after": "attributes",
   "is_system_generated": 0,
   "is_virtual": 0,
   "label": "Sync To Other Platform",
   "length": 0,
   "link_filters": null,
   "mandatory_depends_on": null,
   "modified": "2025-03-29 02:39:30.724075",
   "modified_by": "Administrator",
   "module": null,
   "name": "Item-custom_sync_to_other_platform",
   "no_copy": 0,
   "non_negative": 0,
   "options": null,
   "owner": "Administrator",
   "permlevel": 0,
   "placeholder": null,
   "precision": "",
   "print_hide": 0,
   "print_hide_if_no_value": 0,
   "print_width": null,
   "read_only": 0,
   "read_only_depends_on": null,
   "report_hide": 0,
   "reqd": 0,
   "search_index": 0,
   "show_dashboard": 0,
   "sort_options": 0,
   "translatable": 0,
   "unique": 0,
   "width": null
  },
  {
   "_assign": null,
   "_comments": null,
   "_liked_by": null,
   "_user_tags": null,
   "allow_in_quick_entry": 0,
   "allow_on_submit": 0,
   "bold": 0,
   "collapsible": 0,
   "collapsible_depends_on": null,
   "columns": 0,
   "creation": "2025-03-07 13:54:53.957910",
   "default": null,
   "depends_on": null,
   "description": null,
   "docstatus": 0,
   "dt": "Item",
   "fetch_from": null,
   "fetch_if_empty": 0,
   "fieldname": "custom_video",
   "fieldtype": "Data",
   "hidden": 0,
   "hide_border": 0,
   "hide_days": 0,
   "hide_seconds": 0,
   "idx": 27,
   "ignore_user_permissions": 0,
   "ignore_xss_filter": 0,
   "in_global_search": 0,
   "in_list_view": 0,
   "in_preview": 0,
   "in_standard_filter": 0,
   "insert_after": "custom_review_item",
   "is_system_generated": 0,
   "is_virtual": 0,
   "label": "Video",
   "length": 0,
   "link_filters": null,
   "mandatory_depends_on": null,
   "modified": "2025-03-07 13:54:53.957910",
   "modified_by": "Administrator",
   "module": null,
   "name": "Item-custom_video",
   "no_copy": 0,
   "non_negative": 0,
   "options": null,
   "owner": "Administrator",
   "permlevel": 0,
   "placeholder": null,
   "precision": "",
   "print_hide": 0,
   "print_hide_if_no_value": 0,
   "print_width": null,
   "read_only": 0,
   "read_only_depends_on": null,
   "report_hide": 0,
   "reqd": 0,
   "search_index": 0,
   "show_dashboard": 0,
   "sort_options": 0,
   "translatable": 1,
   "unique": 0,
   "width": null
  },
  {
   "_assign": null,
   "_comments": null,
   "_liked_by": null,
   "_user_tags": null,
   "allow_in_quick_entry": 0,
   "allow_on_submit": 0,
   "bold": 0,
   "collapsible": 1,
   "collapsible_depends_on": null,
   "columns": 0,
   "creation": "2025-03-11 16:55:10.462637",
   "default": null,
   "depends_on": null,
   "description": null,
   "docstatus": 0,
   "dt": "Item",
   "fetch_from": null,
   "fetch_if_empty": 0,
   "fieldname": "custom_view_360",
   "fieldtype": "Section Break",
   "hidden": 0,
   "hide_border": 0,
   "hide_days": 0,
   "hide_seconds": 0,
   "idx": 43,
   "ignore_user_permissions": 0,
   "ignore_xss_filter": 0,
   "in_global_search": 0,
   "in_list_view": 0,
   "in_preview": 0,
   "in_standard_filter": 0,
   "insert_after": "custom_attach_image_5",
   "is_system_generated": 0,
   "is_virtual": 0,
   "label": "View 360",
   "length": 0,
   "link_filters": null,
   "mandatory_depends_on": null,
   "modified": "2025-03-11 16:55:10.462637",
   "modified_by": "Administrator",
   "module": null,
   "name": "Item-custom_view_360",
   "no_copy": 0,
   "non_negative": 0,
   "options": null,
   "owner": "Administrator",
   "permlevel": 0,
   "placeholder": null,
   "precision": "",
   "print_hide": 0,
   "print_hide_if_no_value": 0,
   "print_width": null,
   "read_only": 0,
   "read_only_depends_on": null,
   "report_hide": 0,
   "reqd": 0,
   "search_index": 0,
   "show_dashboard": 0,
   "sort_options": 0,
   "translatable": 0,
   "unique": 0,
   "width": null
  }
 ],
 "custom_perms": [],
 "doctype": "Item",
 "links": [],
 "property_setters": [
  {
   "_assign": null,
   "_comments": null,
   "_liked_by": null,
   "_user_tags": null,
   "creation": "2025-04-10 08:01:10.830565",
   "default_value": null,
   "doc_type": "Item",
   "docstatus": 0,
   "doctype_or_field": "DocField",
   "field_name": "barcodes",
   "idx": 0,
   "is_system_generated": 1,
   "modified": "2025-04-24 14:44:44.108522",
   "modified_by": "Administrator",
   "module": null,
   "name": "Item-barcodes-hidden",
   "owner": "Administrator",
   "property": "hidden",
   "property_type": "Check",
   "row_name": null,
   "value": "0"
  },
  {
   "_assign": null,
   "_comments": null,
   "_liked_by": null,
   "_user_tags": null,
   "creation": "2025-04-10 08:01:10.699563",
   "default_value": null,
   "doc_type": "Item",
   "docstatus": 0,
   "doctype_or_field": "DocField",
   "field_name": "item_code",
   "idx": 0,
   "is_system_generated": 0,
   "modified": "2025-04-24 14:44:44.114844",
   "modified_by": "Administrator",
   "module": null,
   "name": "Item-item_code-hidden",
   "owner": "Administrator",
   "property": "hidden",
   "property_type": "Check",
   "row_name": null,
   "value": "0"
  },
  {
   "_assign": null,
   "_comments": null,
   "_liked_by": null,
   "_user_tags": null,
   "creation": "2025-04-10 08:01:10.710904",
   "default_value": null,
   "doc_type": "Item",
   "docstatus": 0,
   "doctype_or_field": "DocField",
   "field_name": "item_code",
   "idx": 0,
   "is_system_generated": 0,
   "modified": "2025-04-24 14:44:44.120309",
   "modified_by": "Administrator",
   "module": null,
   "name": "Item-item_code-reqd",
   "owner": "Administrator",
   "property": "reqd",
   "property_type": "Check",
   "row_name": null,
   "value": "1"
  },
  {
   "_assign": null,
   "_comments": null,
   "_liked_by": null,
   "_user_tags": null,
   "creation": "2025-04-24 14:45:21.848389",
   "default_value": null,
   "doc_type": "Item",
   "docstatus": 0,
   "doctype_or_field": "DocType",
   "field_name": null,
   "idx": 0,
   "is_system_generated": 0,
   "modified": "2025-04-24 14:45:21.848389",
   "modified_by": "Administrator",
   "module": null,
   "name": "Item-main-field_order",
   "owner": "Administrator",
   "property": "field_order",
   "property_type": "Data",
   "row_name": null,
   "value": "[\"details\", \"naming_series\", \"item_code\", \"item_name\", \"item_group\", \"stock_uom\", \"column_break0\", \"custom_parent_item\", \"custom_marketplace_source\", \"custom_has_sync_to_other_platform\", \"disabled\", \"allow_alternative_item\", \"is_stock_item\", \"has_variants\", \"opening_stock\", \"valuation_rate\", \"standard_rate\", \"is_fixed_asset\", \"auto_create_assets\", \"is_grouped_asset\", \"asset_category\", \"asset_naming_series\", \"over_delivery_receipt_allowance\", \"over_billing_allowance\", \"image\", \"custom_review_item\", \"custom_video\", \"custom_gallery\", \"custom_image_item_1\", \"custom_attach_image\", \"custom_column_break_8vsmh\", \"custom_image_item_2\", \"custom_attach_image_2\", \"custom_column_break_0pcmh\", \"custom_image_item_3\", \"custom_attach_image_3\", \"custom_column_break_gd0v2\", \"custom_image_item_4\", \"custom_attach_image_4\", \"custom_column_break_swymb\", \"custom_image_item_5\", \"custom_attach_image_5\", \"custom_view_360\", \"custom_360_image_1\", \"custom_attach_360_image_1\", \"custom_360_image_5\", \"custom_attach_360_image_5\", \"custom_column_break_tmqvo\", \"custom_360_image_2\", \"custom_attach_360_image_2\", \"custom_360_image_6\", \"custom_attach_360_image_6\", \"custom_column_break_lnqmc\", \"custom_360_image_3\", \"custom_attach_360_image_3\", \"custom_360_image_7\", \"custom_attach_360_image_7\", \"custom_column_break_bp3kn\", \"custom_360_image_4\", \"custom_attach_360_image_4\", \"custom_360_image_8\", \"custom_attach_360_image_8\", \"custom_specification\", \"custom_specification_template\", \"custom_item_specification\", \"section_break_11\", \"description\", \"brand\", \"unit_of_measure_conversion\", \"uoms\", \"custom_barcode_data\", \"custom_page_type\", \"custom_barcode_qty\", \"dashboard_tab\", \"inventory_section\", \"inventory_settings_section\", \"shelf_life_in_days\", \"end_of_life\", \"default_material_request_type\", \"valuation_method\", \"column_break1\", \"warranty_period\", \"weight_per_unit\", \"weight_uom\", \"allow_negative_stock\", \"sb_barcodes\", \"barcodes\", \"reorder_section\", \"reorder_levels\", \"serial_nos_and_batches\", \"has_batch_no\", \"create_new_batch\", \"batch_number_series\", \"has_expiry_date\", \"retain_sample\", \"sample_quantity\", \"column_break_37\", \"has_serial_no\", \"serial_no_series\", \"variants_section\", \"variant_of\", \"variant_based_on\", \"attributes\", \"custom_sync_to_other_platform\", \"custom_marketplace_variant\", \"custom_marketplace_item_mapping\", \"accounting\", \"deferred_accounting_section\", \"enable_deferred_expense\", \"no_of_months_exp\", \"column_break_9s9o\", \"enable_deferred_revenue\", \"no_of_months\", \"section_break_avcp\", \"item_defaults\", \"purchasing_tab\", \"purchase_uom\", \"min_order_qty\", \"safety_stock\", \"is_purchase_item\", \"purchase_details_cb\", \"lead_time_days\", \"last_purchase_rate\", \"is_customer_provided_item\", \"customer\", \"supplier_details\", \"delivered_by_supplier\", \"column_break2\", \"supplier_items\", \"foreign_trade_details\", \"country_of_origin\", \"column_break_59\", \"customs_tariff_number\", \"sales_details\", \"sales_uom\", \"grant_commission\", \"is_sales_item\", \"column_break3\", \"max_discount\", \"customer_details\", \"customer_items\", \"item_tax_section_break\", \"taxes\", \"quality_tab\", \"inspection_required_before_purchase\", \"quality_inspection_template\", \"inspection_required_before_delivery\", \"manufacturing\", \"include_item_in_manufacturing\", \"is_sub_contracted_item\", \"default_bom\", \"column_break_74\", \"customer_code\", \"default_item_manufacturer\", \"default_manufacturer_part_no\", \"total_projected_qty\"]"
  },
  {
   "_assign": null,
   "_comments": null,
   "_liked_by": null,
   "_user_tags": null,
   "creation": "2025-02-15 09:08:01.776454",
   "default_value": null,
   "doc_type": "Item",
   "docstatus": 0,
   "doctype_or_field": "DocType",
   "field_name": null,
   "idx": 0,
   "is_system_generated": 0,
   "modified": "2025-04-24 14:44:44.131545",
   "modified_by": "Administrator",
   "module": null,
   "name": "Item-main-quick_entry",
   "owner": "Administrator",
   "property": "quick_entry",
   "property_type": "Check",
   "row_name": null,
   "value": "0"
  },
  {
   "_assign": null,
   "_comments": null,
   "_liked_by": null,
   "_user_tags": null,
   "creation": "2025-04-10 08:01:10.686529",
   "default_value": null,
   "doc_type": "Item",
   "docstatus": 0,
   "doctype_or_field": "DocField",
   "field_name": "naming_series",
   "idx": 0,
   "is_system_generated": 0,
   "modified": "2025-04-24 14:44:44.137325",
   "modified_by": "Administrator",
   "module": null,
   "name": "Item-naming_series-hidden",
   "owner": "Administrator",
   "property": "hidden",
   "property_type": "Check",
   "row_name": null,
   "value": "1"
  },
  {
   "_assign": null,
   "_comments": null,
   "_liked_by": null,
   "_user_tags": null,
   "creation": "2025-04-03 11:36:55.393247",
   "default_value": null,
   "doc_type": "Item",
   "docstatus": 0,
   "doctype_or_field": "DocField",
   "field_name": "naming_series",
   "idx": 0,
   "is_system_generated": 0,
   "modified": "2025-04-24 14:44:44.142797",
   "modified_by": "Administrator",
   "module": null,
   "name": "Item-naming_series-options",
   "owner": "Administrator",
   "property": "options",
   "property_type": "Text",
   "row_name": null,
   "value": "STO-ITEM-.YYYY.-"
  },
  {
   "_assign": null,
   "_comments": null,
   "_liked_by": null,
   "_user_tags": null,
   "creation": "2025-04-10 08:01:10.329342",
   "default_value": null,
   "doc_type": "Item",
   "docstatus": 0,
   "doctype_or_field": "DocField",
   "field_name": "naming_series",
   "idx": 0,
   "is_system_generated": 0,
   "modified": "2025-04-24 14:44:44.148137",
   "modified_by": "Administrator",
   "module": null,
   "name": "Item-naming_series-reqd",
   "owner": "Administrator",
   "property": "reqd",
   "property_type": "Check",
   "row_name": null,
   "value": "0"
  },
  {
   "_assign": null,
   "_comments": null,
   "_liked_by": null,
   "_user_tags": null,
   "creation": "2025-04-03 13:52:46.189542",
   "default_value": null,
   "doc_type": "Item",
   "docstatus": 0,
   "doctype_or_field": "DocField",
   "field_name": "variant_of",
   "idx": 0,
   "is_system_generated": 0,
   "modified": "2025-04-24 14:44:44.153597",
   "modified_by": "Administrator",
   "module": null,
   "name": "Item-variant_of-in_standard_filter",
   "owner": "Administrator",
   "property": "in_standard_filter",
   "property_type": "Check",
   "row_name": null,
   "value": "0"
  },
  {
   "_assign": null,
   "_comments": null,
   "_liked_by": null,
   "_user_tags": null,
   "creation": "2025-04-17 09:49:24.414000",
   "default_value": null,
   "doc_type": "Item",
   "docstatus": 0,
   "doctype_or_field": "DocField",
   "field_name": "variants_section",
   "idx": 0,
   "is_system_generated": 0,
   "modified": "2025-04-24 14:44:44.158978",
   "modified_by": "Administrator",
   "module": null,
   "name": "Item-variants_section-depends_on",
   "owner": "Administrator",
   "property": "depends_on",
   "property_type": "Data",
   "row_name": null,
   "value": "eval:!doc.is_fixed_asset && doc.has_variants"
  }
 ],
 "sync_on_migrate": 1
}