{
 "actions": [],
 "allow_rename": 1,
 "creation": "2025-03-29 04:27:06.086165",
 "doctype": "DocType",
 "editable_grid": 1,
 "engine": "InnoDB",
 "field_order": [
  "ecommerce_platform",
  "marketplace_category",
  "category_name"
 ],
 "fields": [
  {
   "default": "Tiktok Shop",
   "fieldname": "ecommerce_platform",
   "fieldtype": "Select",
   "in_list_view": 1,
   "label": "Ecommerce Platform",
   "options": "Tiktok Shop\nLazada"
  },
  {
   "fetch_from": "platform_category.category_name",
   "fieldname": "category_name",
   "fieldtype": "Data",
   "in_list_view": 1,
   "label": "Category Name",
   "read_only": 1
  },
  {
   "fieldname": "marketplace_category",
   "fieldtype": "Link",
   "in_list_view": 1,
   "label": "Market Category",
   "options": "Market Category"
  }
 ],
 "grid_page_length": 50,
 "index_web_pages_for_search": 1,
 "istable": 1,
 "links": [],
 "modified": "2025-04-08 15:16:32.856648",
 "modified_by": "Administrator",
 "module": "spec",
 "name": "Item Group Category",
 "owner": "Administrator",
 "permissions": [],
 "sort_field": "modified",
 "sort_order": "DESC",
 "states": []
}