{
    "actions": [],
    "allow_rename": 1,
    "creation": "2025-03-28 04:38:44.072628",
    "doctype": "DocType",
    "editable_grid": 1,
    "engine": "InnoDB",
    "field_order": [
     "attribute_id",
     "attribute_name",
     "attribute_type",
     "is_customizable",
     "is_multiple_selection",
     "is_required",
     "values"
    ],
    "fields": [
     {
      "fieldname": "attribute_id",
      "fieldtype": "Data",
      "in_list_view": 1,
      "label": "Attribute ID"
     },
     {
      "fieldname": "attribute_name",
      "fieldtype": "Data",
      "in_list_view": 1,
      "label": "Attribute Name"
     },
     {
      "fieldname": "attribute_type",
      "fieldtype": "Select",
      "options": "PRODUCT_PROPERTY\nSALES_PROPERTY",
      "in_list_view": 1,
      "label": "Attribute Type"
     },
     {
      "fieldname": "values",
      "fieldtype": "Table",
      "label": "Values",
      "options": "Marketplace Attribute Value"
     },
     {
      "default": "0",
      "fieldname": "is_customizable",
      "fieldtype": "Check",
      "in_list_view": 1,
      "label": "Is Customizable"
     },
     {
      "default": "0",
      "fieldname": "is_multiple_selection",
      "fieldtype": "Check",
      "in_list_view": 1,
      "label": "Is Multiple Selection"
     },
     {
      "default": "0",
      "fieldname": "is_required",
      "fieldtype": "Check",
      "in_list_view": 1,
      "label": "Is Required"
     }
    ],
    "grid_page_length": 50,
    "index_web_pages_for_search": 1,
    "istable": 1,
    "links": [],
    "modified": "2025-03-28 05:17:18.047536",
    "modified_by": "Administrator",
    "module": "spec",
    "name": "Marketplace Category Attribute",
    "owner": "Administrator",
    "permissions": [],
    "sort_field": "modified",
    "sort_order": "DESC",
    "states": []
   }