{
 "actions": [],
 "creation": "2025-04-07 10:00:00",
 "doctype": "DocType",
 "engine": "InnoDB",
 "field_order": [
  "marketplace",
  "marketplace_product_id",
  "marketplace_sku",
  "last_sync_time",
  "sync_status",
  "active"
 ],
 "fields": [
  {
   "default": "TikTok",
   "fieldname": "marketplace",
   "fieldtype": "Select",
   "in_list_view": 1,
   "label": "Marketplace",
   "options": "TikTok\nLazada",
   "reqd": 1
  },
  {
   "fieldname": "marketplace_product_id",
   "fieldtype": "Data",
   "in_list_view": 1,
   "label": "Marketplace Product ID"
  },
  {
   "fieldname": "marketplace_sku",
   "fieldtype": "Data",
   "in_list_view": 1,
   "label": "Marketplace SKU"
  },
  {
   "fieldname": "last_sync_time",
   "fieldtype": "Datetime",
   "in_list_view": 1,
   "label": "Last Sync Time"
  },
  {
   "default": "Pending",
   "fieldname": "sync_status",
   "fieldtype": "Select",
   "in_list_view": 1,
   "label": "Sync Status",
   "options": "Pending\nSuccess\nFailed"
  },
  {
   "default": "1",
   "description": "Check if this mapping is active for syncing.",
   "fieldname": "active",
   "fieldtype": "Check",
   "in_list_view": 1,
   "label": "Active"
  }
 ],
 "istable": 1,
 "links": [],
 "modified": "2025-04-08 00:37:57.694660",
 "modified_by": "Administrator",
 "module": "Sync product data",
 "name": "Marketplace Item Mapping",
 "owner": "Administrator",
 "permissions": [],
 "sort_field": "modified",
 "sort_order": "DESC",
 "states": []
}