{
 "actions": [],
 "allow_rename": 1,
 "creation": "2025-04-18 12:29:16.572951",
 "doctype": "DocType",
 "editable_grid": 1,
 "engine": "InnoDB",
 "field_order": [
  "name1",
  "price"
 ],
 "fields": [
  {
   "fieldname": "name1",
   "fieldtype": "Data",
   "in_list_view": 1,
   "label": "Name "
  },
  {
   "fieldname": "price",
   "fieldtype": "Data",
   "in_list_view": 1,
   "label": "Price"
  }
 ],
 "grid_page_length": 50,
 "index_web_pages_for_search": 1,
 "istable": 1,
 "links": [],
 "modified": "2025-04-18 12:31:55.911281",
 "modified_by": "Administrator",
 "module": "spec",
 "name": "Item Info",
 "owner": "Administrator",
 "permissions": [],
 "sort_field": "modified",
 "sort_order": "DESC",
 "states": []
}