{
 "actions": [],
 "allow_rename": 1,
 "creation": "2025-04-16 11:49:35.046181",
 "doctype": "DocType",
 "editable_grid": 1,
 "engine": "InnoDB",
 "field_order": [
  "label",
  "attribute_id",
  "attribute_name",
  "value"
 ],
 "fields": [
  {
   "fieldname": "attribute_id",
   "fieldtype": "Link",
   "in_list_view": 1,
   "label": "Attribute ID  ",
   "options": "Marketplace Attribute"
  },
  {
   "fieldname": "attribute_name",
   "fieldtype": "Data",
   "in_list_view": 1,
   "label": "Attribute Name",
   "read_only": 1
  },
  {
   "fieldname": "value",
   "fieldtype": "Data",
   "in_list_view": 1,
   "label": "Value"
  },
  {
   "fieldname": "label",
   "fieldtype": "Data",
   "in_list_view": 1,
   "label": "Label"
  }
 ],
 "grid_page_length": 50,
 "index_web_pages_for_search": 1,
 "istable": 1,
 "links": [],
 "modified": "2025-04-18 12:33:07.428740",
 "modified_by": "Administrator",
 "module": "spec",
 "name": "PLatform Attributes Value",
 "owner": "Administrator",
 "permissions": [],
 "sort_field": "modified",
 "sort_order": "DESC",
 "states": []
}